Area (hectares),Temperature (C),Rainfall (mm),Soil Moisture (%),Yield (kg),Environmental Factor
4.0581311290499436,22.888505004666268,518.7365072656332,31.134739266506266,13759.859008489393,1.0
9.531785910894204,15.323278206449494,783.3788854742611,51.93172788836747,34739.55173216211,0.5201201318871783
7.453942447208348,23.900989255029817,499.05592519379957,33.05015672164587,30654.71989938809,1.0
6.187255599871848,25.052928726419115,952.0111927379205,31.97533494821393,25815.903795499173,1.0
1.982177084203147,24.7989522396552,816.4879505869006,29.300239688313248,7054.4237012105,1.0
1.981947943193925,27.403903627773108,508.4897001070139,25.187159128969412,11370.062234690095,1.0
1.0517943155978948,26.16961077274452,738.1581845900273,30.25852244067064,4634.062994401891,1.0
8.728673384861883,24.295900396142184,649.5687188818833,34.21278993895551,39016.73783306288,1.0
6.210592611560483,21.649171442706766,863.8349020838361,46.95976832582922,20468.302624093223,1.0
7.226689489062432,13.695195332420043,1068.0900892046288,22.502593688778063,23998.837614617023,0.0
0.6955526958101232,24.148091095662927,424.96550607085106,28.420277586613718,2282.149077437421,1.0
9.714143595538946,23.038438435815557,823.0052158294834,52.360945611667056,45116.06102240327,1.0
8.408205087604006,23.357894185976868,767.9734408866719,25.87687694335083,28762.313730033817,1.0
2.5172215514436234,15.616257120898453,934.2680152900931,33.70580586090086,9299.068954360477,0.6279006705291117
2.2273371884674558,16.594717297958688,842.6393256475378,54.5863568743256,8714.7615913102,1.0
2.2423428436076214,27.26576426666452,649.6061336522362,26.197012445737705,10442.267274633215,1.0
3.3903013081156086,21.802224230716725,736.1892128666764,23.309473424727596,10462.279404618901,1.0
5.48518610050626,25.40750348686312,640.7948286393022,39.38151980320043,28730.036838052907,1.0
4.603477677100099,22.141591880652307,1015.2014277197197,32.096780451141456,24234.60652258536,1.0
3.2666768318813983,22.148780697478728,804.2623297343885,42.53633457935416,19072.154025257903,1.0
6.312602499862605,26.691419029879988,1180.2381371506015,52.152195619339004,37789.25648496657,1.0
1.8251916761943974,19.41977635891313,787.8678372370758,25.485939526109725,5288.269320795212,1.0
3.2753741610845726,22.480603884704916,658.3186466179075,43.227963382171396,12289.16540606817,1.0
3.980437511290071,19.688623556474788,497.25712147743457,40.22035041559455,19465.77516494245,1.0
4.832664850061842,19.82751886283842,439.372064748811,25.763151440527984,19241.071012784014,1.0
7.9591716332336295,20.454139382656802,483.17281139890207,44.9599394211593,33756.42595686207,1.0
2.3969009305044175,23.110668858168566,853.4253302022967,30.945616714430866,13249.90150403452,1.0
5.385227164929311,19.606256891682612,901.7450046459868,39.5133727417605,29683.917259416412,1.0
6.127938404189403,28.278780627867604,483.7618595935733,23.290892971082474,37243.313938636486,1.0
0.9412789208399783,17.52696348890248,979.0076628152231,38.38336228854492,6243.52677221573,1.0
6.271676093063665,21.065641779193204,703.3877896633121,32.25853872171281,29519.029141321946,1.0
2.1199791750292696,19.801344708629124,829.3586023971098,52.895248447414176,8472.028972312388,1.0
1.1179901333601554,29.234889421768663,1122.444125651085,22.27914907989473,6225.71602210563,1.0
9.514412603906665,22.982773882557872,979.3678631731063,36.7442909967332,32484.41833181196,1.0
9.673504314208314,27.159222697343175,746.2938704188335,38.337256965257524,35314.940842661905,1.0
8.17977480710638,14.57219813481514,621.7615549169425,49.000243051964745,44768.247886582416,0.1624084495570332
3.3938308071470216,23.335251329346296,369.63691973413904,42.97150300360844,13481.721207439206,1.0
1.4278850830606467,26.448153978117183,656.169336151516,46.688493487767246,5686.983886668164,1.0
7.00021375186549,22.41141994637712,757.7739522344611,51.08197142607025,22303.925008685925,1.0
4.681448690526213,27.327401875326757,602.5640945697633,54.48811894632755,25950.540277813827,1.0
1.6593632310253987,19.41355774949814,773.7486065815391,32.555019868898825,6677.04200089321,1.0
5.2041806460570665,29.0467372009279,815.3703765917536,41.520908214556115,19617.075592336423,1.0
0.8266909505945748,33.49449061809625,755.0288036383843,53.604323137567995,3134.575642296149,1.0
9.13854381974843,20.185807197801704,669.9994838353081,59.57804523860226,51132.57741679948,1.0
2.9584098252001607,19.77248739299614,833.7309343933455,55.580772441750526,16029.813319642959,1.0
6.793961701362829,29.266922385588504,888.3881299138818,34.85869050497507,21537.516362112605,1.0
3.4612552228494042,29.897860728653562,581.9201845114308,27.806660688746017,14134.266705598224,1.0
5.440646201189203,19.385699864233658,1082.1864759492541,39.57570149626355,15364.475823999857,1.0
5.693747653761156,19.899065914520712,780.2823735431476,49.66565807344169,38386.520255488715,1.0
2.2561173274925066,20.591076955697464,803.7699245889695,39.7027628301319,9928.367974467314,1.0
9.711053963763307,15.277747444828615,941.6428846513114,39.32723453254674,63434.75697845161,0.5115735469244795
7.863761821930588,17.40674026757901,846.6432262527003,53.529216843272025,33656.95152993891,1.0
9.425239944859797,16.97929616623966,990.627326782649,34.456151162687455,45846.69144395936,1.0
9.000859829062664,18.161012174479357,857.4248330403649,54.391786992465825,42281.30954576774,1.0
6.1800497987053085,21.826575563066093,677.5125250719125,36.272192038068944,32462.43384028248,1.0
9.25780523271961,23.171073662682602,872.3007050412203,33.12932422713358,49983.131665678404,1.0
1.3406787694932352,29.752502464070385,571.2547585358676,38.15959644798796,5662.372085869051,1.0
2.3618371929818793,17.008229796306047,821.7119411553047,50.49787834699474,7624.883191797648,1.0
0.9296592446501116,26.921611992382918,793.3540018711078,25.040081114559772,3831.918827770926,1.0
3.590638142251011,20.930055778872454,758.376628545492,27.856768634880694,14473.066450185288,1.0
4.192434252050079,21.752681451737836,774.2924977122138,58.057793026523676,20259.075498303446,1.0
3.077815801852011,25.37409746083302,423.6301909004722,27.019665095254297,10517.34071916366,1.0
8.373006336943329,16.386389892188507,690.2550184518077,42.709092717242186,35700.30568331583,0.8897597405626717
3.889156603589098,23.912048730920255,818.5689802282229,43.17257866647751,16375.297091932744,1.0
3.1688778420301174,22.83226104106528,831.9712783994801,39.58497848200979,15162.809396542614,1.0
5.65561279000336,24.462256320040744,594.4649718148083,45.78980994307274,27153.372027553476,1.0
1.8387801372602453,23.44584321953909,1053.1415681729402,29.193069031904738,9299.297472488195,1.0
8.120871317163378,34.276500699554475,626.7650303570998,42.106490711069924,31521.654556695034,1.0
1.2082311149578229,18.81130007874342,993.8914401053473,34.886930209875885,4402.66767057526,1.0
9.875425897704915,19.345015224990913,885.4388723743369,46.46669038516756,38439.60052265277,1.0
7.836325308318245,18.88429736787618,670.7545380312393,25.648941734925977,29733.739254482003,1.0
2.387798974574638,19.222614404198726,1155.0621785219023,42.835096673579045,13644.112135060463,1.0
0.5524601126742228,18.81306436346741,561.272633648704,27.410814215332948,2551.500009259027,1.0
8.246883570320925,27.94508265553776,983.8308347220003,31.145722524601457,31319.40834689329,1.0
7.2151447665523625,29.102521239949276,1000.1164636085957,28.748392012943327,34577.9434439143,1.0
7.425568096389379,19.14626853125262,665.875958184671,27.313511194752685,42680.91341297087,1.0
7.827068293516485,17.838222134478855,1078.4930600128657,53.02843806242668,45433.21111715655,1.0
1.2034241914738584,24.35707778193202,749.9906970802094,31.428302706435613,4909.415800183309,1.0
3.90542442117059,19.238884778595143,857.7387258559714,57.084951274577975,21785.967099334306,1.0
1.6007560654887323,25.164659088777555,852.0643677542441,58.797061013807635,6282.215874874467,1.0
8.699482545818139,23.0146151042565,773.1382517058904,42.8504187974839,38970.44766762939,1.0
6.4213322048618,14.42127942501384,962.1616546319565,25.720044906629056,21073.667828521593,0.1343204011150098
3.6435312361001673,29.737526006650306,958.6977441104426,34.98192973518325,18304.029899108198,1.0
1.1038043277172245,30.97938836547761,450.29360535236384,51.90929053392856,3778.434617359866,1.0
3.454332056298791,18.93605654757807,1060.8680485756304,34.69562914788282,11441.464924361058,1.0
3.5892415592540967,20.061492200320078,467.50160239286515,23.48068873211155,12290.03616126031,1.0
7.431258694211609,23.429326953624525,1006.5092408683315,42.27139643712752,34069.00759853143,1.0
6.556795977874525,23.672283949935125,1025.3410273655168,53.80483405984139,39334.003757935374,1.0
8.928521054475102,25.29272136336415,581.8067139569604,51.837055485740095,39033.98647401159,1.0
4.986041789038518,32.05102269383175,717.8371424090831,27.00492560521413,32944.35441257047,1.0
1.636145336413866,21.11526386252975,578.8590663028128,46.910584576498664,9884.682395896347,1.0
7.275825478618453,18.00851377730773,757.0157939422529,28.820170537425884,42996.88437137698,1.0
7.727457961860526,15.103403859927365,738.3931431628517,28.72830138208689,25041.250786368208,0.3490643910660622
5.832133376910214,18.345349800290403,955.932106453868,54.96287093220741,26154.51541949484,1.0
7.824188209568329,21.834365135631014,1062.0617492239217,29.986758109609205,49535.715010172076,1.0
5.191058165461712,30.97278931758894,1079.1367621579911,30.52989386072045,27296.924316814635,1.0
5.465961879128944,19.411943504819142,687.5663946843396,20.026135630451982,22070.313125610966,1.0
4.561639674406221,23.118939758194493,758.1556252510944,54.82676136502071,21330.78565331868,1.0
0.7414817040689043,21.91788551963624,463.31236155580996,51.70379252836539,3779.1375790285765,1.0
1.5249685564363924,27.94196636724042,638.8259867007623,45.09315740362712,7797.926642886953,1.0
0.7985772640239754,34.63466212936811,992.9703266194915,50.01063055755369,3030.565339804452,1.0
6.545898907005914,19.345656135398396,1123.1165647096464,26.081942696979674,27168.149364248857,1.0
3.4863818202251036,19.55280278740889,553.1302256240156,38.33294378350302,20445.98942938373,1.0
5.331421566064677,27.22080438534536,681.5071481694212,34.04877549395124,31302.48063968974,1.0
9.121881502297883,25.40945744813156,794.7188486082146,23.75106105028066,29687.65221592136,1.0
2.868276176914312,31.23353662868017,856.0322317639213,39.44521940859696,18070.97834549262,1.0
4.398637768838483,24.919640926629818,638.0792960156707,56.829586013705416,15089.777047990554,1.0
7.677735816158963,20.203539546064704,884.8122088928179,21.60236476202778,42323.601131226475,1.0
2.6735825721704134,24.953274153461546,705.2321305858168,31.658436539751754,12372.529623061564,1.0
1.2313091433735335,27.543517902914537,797.1095458243442,28.30163744822814,6884.491693875148,1.0
3.252638802680796,26.102410905986822,909.2568496007399,29.525866146627852,17381.814513821315,1.0
2.0316022289130418,24.53637015553649,801.2844539621875,56.337382075175015,8444.8121978548,1.0
9.332127697254444,27.333373447945768,712.7228218946863,38.722762169371606,51854.94078103192,1.0
8.17714360586196,27.846477952228362,778.0780392148338,38.65197651759275,23334.553598174203,1.0
6.517335686849023,28.910794955187637,782.3274081589329,50.42302569821129,34739.45701476411,1.0
8.778875606783318,25.243549437948214,725.9977940235744,26.17968816019703,43226.4430049378,1.0
8.134884730541588,21.164409598415727,748.2407874665795,39.49061416400203,44552.04518047836,1.0
2.2724155594173405,22.733568432166614,1119.7294341009433,37.199408564842386,8538.470260387248,1.0
8.97931048565479,28.032544832541785,912.1838895882478,43.87642762186624,52451.0403926836,1.0
5.623751298198682,17.91532164506382,740.9039363941679,59.98230813001754,17831.771590683424,1.0
8.170681474058593,23.843366544364507,939.3908809021472,50.77795576328188,24304.689617171036,1.0
9.012867349273186,20.033305938363196,733.236102048798,35.91462812069709,44308.033082837355,1.0
3.521033012232707,22.143724114674086,1034.6249275173282,53.10212209096188,16920.817990274354,1.0
1.545493283012929,28.392259313036494,873.9284384396187,26.828334532499206,10011.372364644167,1.0
2.665384044148446,22.955495340099517,778.5395711991542,21.218547452358404,10171.184763262308,1.0
4.557523991949435,22.232182740780743,889.5433851620555,28.17793489857092,17693.46280671869,1.0
8.271140276263685,15.200719295100404,485.82476958630014,33.616462244570386,35681.53729568906,0.3268845356497628
8.676940540935263,25.731267830136105,574.6465062180389,40.42323029838239,35504.49147188203,1.0
0.5660452400463116,25.227420905705376,561.214998720189,44.60516562164799,1825.7986118746683,1.0
5.352099374486874,32.8162736165273,828.5886189527414,56.42422868857687,23886.96383600425,1.0
4.465404529913401,20.461108825234994,1146.5029998970183,40.394160382018306,17037.51124256698,1.0
2.6100241994719373,23.095751638319694,1246.2600292385264,40.051025785029175,13080.69169308135,1.0
1.6387209896699866,23.246918418553776,927.6102202881515,22.009720392919284,7028.2705849022705,1.0
3.7073441283344657,29.887266398817374,900.1688949888915,21.396462106248954,21110.631681855088,1.0
9.457642187168933,21.523522338065238,439.7884531694522,42.046398476654886,55494.29563914929,1.0
3.570427854197175,23.395107628851697,691.4652400531957,37.52714452993378,18796.086420575997,1.0
5.428510906561978,25.039482548582697,642.4432496183522,53.567215799211944,19186.158878229086,1.0
7.17868010950419,22.93304561578179,675.8304803497767,26.427183388473807,39326.271734471025,1.0
3.9544812226032926,19.767831927247357,766.3712362830421,20.998866484681983,17470.876425076833,1.0
9.731929785849127,22.97044996449154,705.5818844605745,37.961550717205036,54787.00200339326,1.0
9.643249301950057,27.36815874929886,404.14003792484243,29.4991422700903,37107.83665151514,1.0
2.8919318103409593,16.8674235029447,949.5820512235068,21.984574933553496,14778.825860533689,1.0
5.223860805977662,22.66484837073438,585.4513948520387,48.98393147390516,26558.22569516765,1.0
3.3583439432593116,18.499395925304135,847.84937282223,24.4637199982899,10186.179519203286,1.0
3.205984696585942,27.975233144624212,1214.8165339499947,44.33278000031087,12974.746082867316,1.0
0.8504259998680616,14.384065476081126,616.1230816827153,31.241990006675564,4978.262883723745,0.03218908495729175
6.29086117280902,19.205390763642058,293.94249545073404,26.93984201420088,20451.745693788507,1.0
5.2754507206741845,23.886059375322603,742.7991556239779,35.190060916772694,28255.01976762359,1.0
0.9890481368748989,29.827620146171704,1020.1919269997143,52.057831048918146,4739.3275116196055,1.0
3.1471414102478086,21.67124869463506,1191.6694908441189,35.68374307618291,17057.255458139523,1.0
9.128525916683211,19.22400236653401,554.0900811095166,50.03078596844223,36522.22347973259,1.0
2.775837961336238,31.40578534720295,899.3398446473043,25.019451871966027,12557.259769517184,1.0
1.8765012848666194,14.75993049791878,706.9379086439893,50.91085678660316,12223.037621998392,0.26878614212051855
5.149801222636849,11.005970216899591,778.8103291391728,29.477332996265947,22352.70506844329,0.0
9.863679314050707,24.20007225026666,1328.868669403407,47.09572519555491,45247.315834334004,1.0
2.799525079359254,19.489728878236946,499.4059343209694,42.631262193639856,12593.973047519385,1.0
6.885287700355846,16.893835914346433,850.7479322989147,57.165788688467494,23407.303731306183,1.0
7.735386345622817,25.541782236496765,893.5386343530866,35.49290071901256,22162.50204013151,1.0
2.7575566679277967,23.219003568855996,1017.1572649878694,22.646607553377617,12989.7731544611,1.0
7.418055311812666,19.179606846316357,819.5966306941791,20.766219422050117,48125.33954752837,1.0
3.9939397608329057,15.598478006645529,861.6101079008205,53.07434243891012,17226.343773342087,0.657097262345188
6.506905390639005,26.362286641400722,721.6702865156418,40.98942550645729,24165.99351844844,1.0
6.5185322522285,25.251005889793305,853.8253882490214,51.00976207339797,28236.030830021846,1.0
5.589859498710205,21.504120681103085,731.3615449005179,29.377024000460587,23873.102462682837,1.0
1.357752815516879,31.233184980238327,924.3143779712102,33.80334982052935,5995.354401704415,1.0
8.43537370809776,16.649576168369236,726.0779327912733,21.204154888452756,46130.20943752674,0.941266311850435
3.5474106172314905,14.372374145376305,875.4200787804373,58.459692982964484,15671.431596917175,0.18695476073354678
2.271925848798615,18.540459650593778,794.1474372630043,46.71471626803253,11063.974831899206,1.0
0.8873638447702572,21.77206991822251,1025.2100501544337,57.32820351037225,2715.223943334381,1.0
6.113482960288297,23.21669724661346,789.7212552823028,30.619856297162894,43437.90537499639,1.0
6.936861437501683,20.79381971071835,445.3935063586237,44.458544449026434,21275.535823418602,1.0
0.6575843748146335,23.760276982571483,1052.3843001427983,47.13999873170551,1990.9272426286625,1.0
5.364884053843169,15.74230287904778,618.8535398274762,32.70198801030354,27758.734686654403,0.5806831775982658
2.6517098643804107,29.218823020366298,669.2467322702361,53.9243694006252,13432.919562068682,1.0
6.629141508889774,21.589244108037157,680.8677411913015,57.88645851600991,27860.82751508279,1.0
2.1564810755474184,27.586479157940637,1074.8876186341636,55.394204707840174,9147.987922848379,1.0
7.063908511973427,23.71362673188852,372.8651572042609,49.5626790375749,39381.63754566375,1.0
4.173985789855106,24.283766095768918,1427.5497067319989,31.09858718899816,14626.690170825397,1.0
9.398934892998978,24.84883640116102,1011.2113618132104,31.264641684225268,58475.875705839935,1.0
1.8064489693869359,24.238542800086574,844.6477828258319,58.53441281784151,9685.102135181089,1.0
3.7401303349774557,25.21361379933772,789.0211998767427,20.41137983742768,17311.053871659216,1.0
1.577998451785596,28.645762650662157,857.1108149715313,48.64199892968578,6235.430276190079,1.0
9.284589373646346,22.98260584850735,904.2244856758676,48.24984650221049,34724.48169834377,1.0
8.83472385711932,25.54501878794256,929.0431171900113,44.907581637991896,45043.02493138333,1.0
2.9504454632939785,21.551321528563868,911.1208932006897,59.604353843474634,12044.36615230363,1.0
6.7698484373247005,29.200586077247365,817.9161362510498,32.47517743054901,27792.130012336096,1.0
8.263610901911552,18.61803848970365,760.5323159385348,33.59887455172993,37440.086320717484,1.0
5.774407710194892,31.00470216455408,769.7453432692977,23.15757611786222,36838.45160123857,1.0
5.531680494382061,21.799210246778284,761.0183439294638,37.7119254617495,21269.229434552155,1.0
2.797596763554291,14.84612448940976,1026.754019373413,30.441941049393925,18891.046755587708,0.3378018247241098
1.3844762941560425,22.640522074553946,918.7113444561724,33.73546808710577,5085.701664480056,1.0
9.023549700556604,18.594741712625595,211.92227306714392,53.38287161022511,29178.457595649692,1.0
9.05397154305164,26.203217744943622,931.1801553059522,57.41938054109983,35299.655182879564,1.0
6.514463844096046,18.736880103488044,838.947238943755,27.429322880207426,26143.950451785648,1.0
3.7207830149626564,19.769082833926102,796.2582487108206,34.900357262138634,14774.540805529514,1.0
3.8174909588202786,12.552296345272346,722.2963093822228,57.145222484615765,10047.034238042597,0.0
7.396578949267274,19.738468403754617,1024.8225439972027,22.472338427568907,48663.919132336065,1.0
9.022547469549483,9.880603366855217,989.5052924245715,23.69442112445514,49980.086777346434,0.0
8.927321030518614,14.080485882571384,645.4244664352782,26.511639568249173,43879.03095445893,0.0
7.908817685647427,25.802073280721487,881.410457424907,43.80851336507499,26879.122390314955,1.0
6.599300638465734,25.92900079325416,605.6686530917428,26.018890840239898,23975.099742737853,1.0
1.299329667452964,24.127287808924823,524.0763670422139,58.72305525802934,3918.2898262561584,1.0
2.0354727838988307,17.165119284353935,674.656555082007,37.86858109034081,9738.74641807049,1.0
9.036264791007254,21.7614432192901,972.4786944765517,40.06071841400666,51129.2953977716,1.0
6.261076066766105,21.981987304547157,990.6250090752173,29.86634463221626,23707.574069232192,1.0
0.5873719903579817,16.208176554037287,902.6170840194586,38.83841009738934,2331.0770423402314,0.8705709771129205
1.463979657227305,29.51699150883575,945.0191573695995,46.47654530548046,6266.11859658955,1.0
6.80326680652653,26.386811452878355,903.2356574229917,50.04708547816171,29818.780317082852,1.0
0.5480850465390775,20.89517913085168,671.7036809554096,50.15472330839652,2307.914978915885,1.0
2.0276764884662373,22.134429194972654,886.3845089347881,43.115644507763534,8891.59521430602,1.0
5.712970998982568,23.04191403973776,960.0819050455365,56.17439099975429,29439.419446245156,1.0
7.073004378080586,11.791325657878547,950.8582659627149,52.696313892244376,25413.486429476892,0.0
6.693631965274705,20.764113087397014,1037.7826742949287,50.281924587945014,20404.07925732548,1.0
2.630558439875318,18.590078760011007,941.6607694402128,22.224220867218424,17616.400832331983,1.0
7.265702602801591,16.991899950525422,870.2896415083165,20.27511848878597,29614.715664386076,1.0
2.7538663312196006,20.594498535570224,1014.0300476632855,28.497891087818918,9506.362360021327,1.0
3.591297132513043,30.988432634247612,794.695748150188,46.54094375653809,12230.326547755561,1.0
7.591668348621229,25.20421430633505,623.6250697544565,36.44789955530183,21107.117816495538,1.0
6.671512540948539,19.144105051086015,767.3866072112472,36.096250371972474,26147.214176351416,1.0
8.56762239969469,24.862913906780793,651.0194710387102,55.38347552918455,47236.01702503102,1.0
6.747322476853262,28.99677718293001,664.9643450051237,55.82251392527355,28631.20609306331,1.0
5.8989317316869805,26.623168414563843,771.0962658568965,56.36701056214343,20007.442170092545,1.0
1.3899102943668784,22.29815184960087,641.5160158000077,32.55512306060109,6981.077429235584,1.0
3.9933001290646186,18.76531611147213,738.4076940721919,47.64223250957047,18362.16907187109,1.0
3.0194224929763918,25.491116568067948,421.27706660924287,30.865327250974786,16393.49242524227,1.0
2.817901612101294,23.967426927108747,842.6587414745877,27.62439332297799,17811.888291645348,1.0
9.743600270148233,26.475966100138663,800.2410950724449,27.38529829389477,30765.614175944887,1.0
4.234428384334224,25.175859008409848,636.5822737863618,33.68430483454376,25546.36354113425,1.0
8.974442274182577,27.247763576596675,931.8491336864811,37.19830479119287,38478.4827294008,1.0
6.4958169469739975,19.32382394219716,987.5140275253117,53.23796684220274,42390.85432198843,1.0
8.05070738364566,28.586970328171628,478.48802712620517,24.795643738908485,41680.53369310884,1.0
5.275052384499325,22.987998023461998,647.4550442867571,49.39703389579577,35567.2905023316,1.0
5.980586903950411,32.37630436312632,646.1715300425403,41.25819656757221,28041.994945568364,1.0
5.178918091279207,18.55406090955216,612.0193797782271,31.5178137070397,18907.154274338867,1.0
2.354808384081423,30.679819015826247,965.8949683863497,39.71278338131299,10492.755457508776,1.0
7.3632950949843,22.989553917313238,761.2347722454393,31.997682791080905,46159.063591304875,1.0
3.16733744318813,18.74290998192776,747.0970317378778,43.843278209532244,18861.711893243344,1.0
0.7310016810988115,19.58057082972839,399.2275271186493,37.35375691420977,2204.648998749594,1.0
6.631986811118094,20.3982634590284,927.0836060418453,26.57622116315515,34180.22087550629,1.0
2.182551454366965,24.120829732009582,552.1483210293055,24.663322982227868,7030.755280173394,1.0
9.434356551352685,24.6141774401775,811.9865260532656,41.8678272828852,32610.33172913551,1.0
9.562321481524581,19.131499980307105,855.4753875916383,56.09652133144414,38198.707540702366,1.0
9.191211707094261,21.878227038695087,1072.1317191677301,33.75830746230742,34236.86598972073,1.0
4.016507652426721,32.71135179305932,538.2359201761776,49.320004288904926,21237.863018037948,1.0
0.6468378570242406,30.637715850503557,196.09756883583498,46.346454197590674,2892.514750692051,1.0
9.31902634458339,24.18161834837016,836.769908950739,57.26219657237924,36594.77277866421,1.0
4.567749409014486,22.190017390841,1160.1022363021707,52.839240691965635,13688.666756895142,1.0
9.68322078091486,22.600156633591308,1047.7892705878876,42.66421035621852,37589.68121483236,1.0
9.654389782347902,25.06758986365208,841.9318830549252,46.28121992936429,34317.342652037274,1.0
8.60358982693992,16.886037174007974,701.6727628735905,55.935458663361395,37335.51121608859,1.0
3.297264474661064,20.713117312883274,961.4245193274621,35.98075138347739,9628.704106992305,1.0
4.158428421718289,13.657079630612053,605.2907600591063,33.07178823431109,15952.721977389683,0.0
8.585798379410141,23.996115613026397,895.2715538712439,20.432443345407854,41494.299590213544,1.0
3.510759048984638,25.235979698513706,901.0940318333254,53.06204296765857,15316.761609348552,1.0
2.1101810935178786,19.58406768850313,1012.0419814997759,52.039228016134594,8374.21832137081,1.0
5.789611993354327,29.869933816450164,1351.9320077822156,24.178180724006054,22161.71103923917,1.0
9.39347035452742,15.871171684988294,878.4831934357534,43.07429524530801,58658.01086052486,0.7412365177619676
7.112283068412244,14.6781255989509,698.2072748585002,38.559267926675496,42382.13944091121,0.1963902258179362
5.915581115848967,23.12225909279986,794.8851375616011,24.74836382036446,22401.793516007318,1.0
1.4231766908223011,27.235491513060772,446.1848190221763,59.22272908242894,5372.8619181461845,1.0
6.342568653642113,30.419638457289345,661.0573737821884,28.58783549853422,21873.595521882176,1.0
9.9055115759905,19.7055786856553,718.1435123773792,22.689367203622446,62911.44879285814,1.0
1.8307981447469783,27.39340416715648,695.1823204130815,43.79389518007638,5427.656025206552,1.0
5.424131697455499,21.807457652496463,830.4709744067444,49.554667085321306,14962.170611713955,1.0
8.835044183315576,21.136863500295902,635.5160135235599,21.29773784188748,36205.58789493391,1.0
7.537301868664942,26.41829968743336,1024.2061334648943,46.34870554908089,26213.303479232825,1.0
7.121649539455046,25.2616143920671,800.0414129836395,41.29167503805817,19856.81273034089,1.0
7.173598797877538,14.118039215078753,798.1399357722771,24.13060035500194,27505.988034175316,0.0
3.915165936587674,29.38270174862948,734.4210566974165,26.900955077854483,14257.472653688697,1.0
3.289122520512687,28.900456770737257,831.0381367717958,42.718971892643225,16339.713498716155,1.0
8.18893097704588,18.872186492452354,965.0196529335269,31.854304540531537,26986.271319795153,1.0
8.196077249452216,23.979017667187044,626.5739568578199,57.53262914605264,29978.848614704217,1.0
8.737187026510986,24.470150931413695,668.3767021849487,52.74960917936203,53238.882530753115,1.0
9.175785249286477,23.303368829119535,739.2547942446671,59.342688260546524,38056.27433560837,1.0
5.357752789178909,19.2484742307729,530.8258153053571,30.38683355801656,25196.410646642125,1.0
5.264404799528396,18.641883160309742,636.1484280557004,58.78894531191908,24310.40135004616,1.0
8.083804200184364,21.872229645042772,704.7558252910682,37.24935479166231,21913.5282736161,1.0
6.674657342388769,27.86364509629682,974.8778361425454,33.90075181255018,38257.67410004944,1.0
7.168685333948182,24.71800077297216,852.512265800385,22.01398107877413,26150.498167163634,1.0
8.06003035964296,20.14692833956947,838.7179822735088,22.110610314384104,47784.049384069156,1.0
8.95505074726688,25.858493553241722,970.1795924335945,47.68045023786619,31543.330512880166,1.0
3.7109539900895903,7.757286896849623,772.5256423201207,38.31715977736111,21926.383228380862,0.0
4.068038050079468,27.743828501860516,878.0929699857779,29.060865041444227,13235.403216822928,1.0
1.3928284284882555,13.301431106109503,779.3556494135007,44.55881225300931,7678.210579082764,0.0
5.993661339463653,20.18779529298434,853.0724698799257,30.114324730004448,30813.16085375126,1.0
0.8414516010690498,16.401650526869282,683.4482684776835,43.1052701737769,4424.504485880993,0.8950105018123488
4.923181172258372,15.526592621395471,312.23656834471416,34.368349879307615,28891.951695071446,0.4074130686995255
5.655124029721978,27.804133936892597,773.1441675627392,52.94208906447276,28393.925353070113,1.0
3.222141895218702,19.661493993440544,1084.549627219988,52.82784643067117,20956.945249928045,1.0
6.112915975405603,23.73251940865358,985.2430804483184,39.094015924896055,21369.329104379627,1.0
0.7897523744209696,21.76539710560408,993.0794969182341,34.032764373400624,2870.4826290065366,1.0
0.854807793117537,24.385204136115608,1047.2261443612435,34.50239186236378,3149.6694460931276,1.0
8.314705326266754,22.384109455301278,817.7315181922875,52.22858102672872,36817.11320306815,1.0
3.9218110934069976,15.585038879057151,839.4631414811191,33.127179311904484,16134.426418410596,0.5852360320029097
1.7070748701929055,26.9813340972357,676.46962091313,28.36237494827384,7402.455340416324,1.0
5.461310970520642,19.531217084193436,736.7854287945901,23.38753367501227,22168.125797378245,1.0
7.8149387544368025,14.217090506701245,923.1542299542283,38.66772483537633,36256.17105385993,0.0797856461728955
2.55029976122001,19.859424195170437,1040.7768874337632,39.28528395679368,8964.704938384974,1.0
6.417459520280502,29.503798953171554,772.1107448638,53.636348416116284,26872.098625367664,1.0
1.310800917440796,26.251108710567465,709.9621470297177,28.84954785784256,4947.352603972898,1.0
0.9909763511017731,20.256739327960705,800.1055917713195,35.23965094673599,5597.182599842115,1.0
5.547868999897406,20.253711478407855,920.241349785823,52.336229555747636,25896.395611050775,1.0
5.6360336552960115,20.391824743913087,511.2290367732916,52.94494442995894,30112.078138836096,1.0
6.555584064232963,32.383739917804206,340.7638093725524,35.384443039150725,20542.171070033008,1.0
7.397867670365285,23.909677261157768,689.8926301016833,38.36496093146724,36713.098782605026,1.0
9.770594754894079,24.150208235955347,555.8575148171683,32.13143563397132,35399.83985597343,1.0
5.404853308861355,27.15141727015921,698.3719604705378,57.30219513677248,24257.213060349088,1.0
3.5680864929418368,23.193945795132567,770.4439362365057,24.745750629663213,15510.906084844566,1.0
8.054268850302684,20.704789270896484,709.3503181953973,57.3499769200588,24543.624531317375,1.0
3.072906386989705,21.01825075457511,1090.493506894149,47.35465807341373,11067.560312590893,1.0
4.670228496703543,21.641993702929682,865.3489529204641,41.26288610746925,31430.623139909156,1.0
1.2453356227515266,21.813888817450792,860.0948719221657,21.306362431379835,6788.2383299738185,1.0
0.7408320624468463,25.6381477181849,924.4414288086804,39.023847672880336,2693.8471868434017,1.0
9.645159939440289,22.259729429036497,572.2333764438462,36.30992420010929,32190.85873593308,1.0
8.441811144865955,25.663200386077897,1007.8223574840538,26.448752479004902,27483.739094032633,1.0
7.111754957890131,21.59641709945709,784.847142692908,46.25638414002628,26881.329914537822,1.0
4.385052971935564,22.393175951580453,934.0961234482425,58.846036294731434,21924.353521927802,1.0
2.146296040673035,12.008996577339461,585.6285533919689,42.487552442581006,6993.2083810201975,0.0
1.9861519053753174,26.58163837351241,489.24824679678716,48.59013105775783,10420.915509467472,1.0
2.8773075325636555,23.732442379489964,963.5779316050057,22.738018102640673,9802.702152559212,1.0
5.717653314708144,26.99005054929826,875.2819052195033,36.70667983267979,37217.392088103574,1.0
7.2886612656505925,7.518723109031553,619.5896891284979,24.654339406579837,31802.183896302744,0.0
6.771875078818447,32.44187352390364,626.0673837450611,44.511833421460416,35376.61894691864,1.0
3.159372020986457,21.302051859224132,1025.086956882954,57.539286328566185,12473.025469866101,1.0
9.571220166300344,27.540914083687582,562.1176214265345,46.47110929886554,49120.62040401991,1.0
7.510020708609801,16.800470364372345,1128.5345906511927,23.072121932576863,30273.83587264226,1.0
5.766363498858307,25.06386952531285,619.8758530704263,34.186648199403315,20075.54075676244,1.0
6.311347089226346,16.73292218413172,927.6783851216766,42.02653517763406,34973.89260134476,1.0
4.486200593064004,18.881155196520975,734.2763048502031,36.128310245330084,23246.3779911896,1.0
2.853444400260996,31.57015676933393,920.6374862164686,53.34576041900689,13822.292422724659,1.0
3.881740447186985,21.046587996183266,691.1771995771614,52.58684018839957,20189.683004156705,1.0
7.699538049411506,23.087164365898616,767.4414187855411,44.47324080412886,44182.618687820985,1.0
0.6367381419826807,26.35033865344377,808.1838350791443,34.93831780530821,2159.9925940842973,1.0
1.6026900848157042,24.47840943986302,599.5625088437055,30.213454950529766,6335.188950018303,1.0
0.9370250992066511,22.752094525717883,948.1648690840252,24.23497272852517,4212.487923820493,1.0
0.8869236220302164,23.824805012331126,697.357286705683,34.19590733946216,4141.385303024682,1.0
8.626875548104568,34.01707792619138,754.2800169319963,36.526900688308785,38445.3667378747,1.0
7.184749664110225,21.711906014832074,601.1301250782975,47.03291700416294,24659.29232510345,1.0
5.00465137632959,23.005495233574837,287.5332682409379,46.32639297190294,22511.11024782492,1.0
1.429424526184514,27.25327198003806,761.7944474799662,22.80432558565028,8241.59725592256,1.0
5.1703508136099074,27.52762966478992,1282.5230843225831,35.810372617246315,22316.37569668552,1.0
4.997981822415374,27.9351515278019,956.9208575796048,27.271154688694477,17583.214282039076,1.0
2.145417764145144,25.19365111014592,796.1479240531211,26.27250821267223,7764.790521519827,1.0
4.621590667760744,16.284975436347583,747.4218341583464,53.09208598948984,17092.409117512805,0.8974929827550067
4.285794976775048,30.167157661505478,804.4931785624093,21.676608668650303,20705.037598456907,1.0
6.350575931496056,16.26827303490656,909.423823035042,36.76731503608485,35004.580961157895,0.8904383059813912
6.533389683242616,23.513177326195166,563.837436938231,26.728146230660727,33646.94634799513,1.0
0.9303880928344229,18.22862074990321,1022.8643389337744,55.17320862713896,4786.963664093213,1.0
4.058819838951477,21.679308267035037,943.0762630882489,42.28162053100141,18261.369399957297,1.0
6.445669199285246,23.6438120515174,943.6371451415869,29.25522545507392,37097.658033122796,1.0
5.2797944565108335,23.606786077251364,887.6951477619455,40.09709148665506,19121.983795981352,1.0
8.636653491289062,24.109603771176424,803.9233315387979,49.25945438812463,36907.33725602481,1.0
6.757589500379978,30.068556345293235,934.572247193364,58.32472035677735,36214.58447518478,1.0
2.047877057273582,24.2676715075699,918.3628267482757,28.81784016981676,4951.755130310114,1.0
1.1704031003040836,20.779216823546758,729.1918578117952,55.44727088517381,3979.032027920233,1.0
6.6029831429599986,26.820435841441785,685.2796454206198,57.37216456669961,35491.11055785045,1.0
0.7518574501454072,27.947352444623203,820.3712590523974,56.65682178128265,3511.506705937544,1.0
6.064868022097901,15.861960924315039,1109.8040302990375,45.41657427447639,30696.61532899782,0.8139753016391559
9.432187293537098,24.98700034924929,552.1785848692198,45.19282617738831,25564.200760412146,1.0
5.96700468982085,25.50586371155449,506.494946849512,36.128425327352915,30102.647938176833,1.0
4.187614298961958,20.51218248320004,832.9521682473033,50.09591529215152,14804.320129825941,1.0
6.611238075202355,28.878534066558096,810.1775403712036,41.251760734037276,21930.542595676594,1.0
4.853402459669408,21.249722064837368,834.6683328740817,47.09752284913178,24121.165218297716,1.0
5.683359498501382,22.627882267357712,848.7906395817,37.13831615395182,23182.189064127528,1.0
9.44391568337699,21.13464087858065,755.359549073039,49.259858561725565,36183.244283141044,1.0
4.167975059107356,22.077895237907338,1097.9726877204164,52.97886070418196,13557.451669625038,1.0
9.631310356327186,16.518624565523993,479.8192043046969,25.857450264112643,28621.54702813933,0.8289679382933443
9.100831098582606,14.799745587028529,634.3005950439508,53.31718862296912,37923.97301446227,0.270139979193504
2.3600157804983164,29.97252531612486,779.3490479701906,41.61186127161229,8115.886449013663,1.0
1.1589323583140718,17.76519325840836,471.36223776916654,53.78663636360897,6972.945968750245,1.0
1.4573910130855532,17.043038252718464,764.8291191135858,37.25206825364059,4399.323907469262,1.0
0.6731073436897224,11.233049431981426,1132.2940331456036,35.1616194153214,3120.673832851504,0.0
1.3972081271813197,18.805191261552487,804.1772976591924,56.6024293006889,5463.591413750734,1.0
6.98856434745539,15.38455103296251,846.1401811437368,30.04677070193605,26634.77261499849,0.4978027796339329
1.1762921603721754,30.210075800681846,547.967046965484,53.76849301144573,6891.061004721899,1.0
3.530268487790732,27.04908544671317,676.7277183921045,39.360822900376164,10966.989313207687,1.0
8.526315454209819,18.559248274111383,724.9607239352126,40.563817702050386,45917.9630373242,1.0
0.7210833894903457,33.26217902672154,736.4569806487532,32.33873125957936,2633.948849796654,1.0
8.237450584594889,26.90882743495797,1056.3287590007537,42.92168802476063,47789.324919856044,1.0
3.1776203603472992,20.37584308245689,911.5382121450249,33.00844785104845,14366.392405619026,1.0
1.6225658624057344,9.502971425632134,577.7084086125936,21.570776569666094,8956.664611443062,0.0
7.119003070959431,33.45471286295371,849.3009556864009,30.87994421377424,31838.25114773587,1.0
6.474957044408898,15.05213766618202,899.644349699357,20.255161736263627,28214.5795022349,0.35151385659140594
8.835984128507002,13.77300626521554,1028.0298077042532,59.13419148227427,32623.883038944394,0.0
7.483174916136915,27.112852160048202,1116.1081373136747,58.6298883927899,22261.280526883573,1.0
8.133068838656062,34.19876203169636,596.9811616344263,35.8062118988922,52750.592387421035,1.0
3.1793284394274117,28.92136409255259,637.8284977579324,49.134834173585844,11822.150476437251,1.0
2.185675665907367,24.819545600261797,548.4844282170768,33.832243936417,9646.261100933041,1.0
7.6308401405881545,24.97377170832643,753.1960281786037,46.84372628343904,35170.381211939166,1.0
8.164930023039009,26.26707779390154,893.2716748892669,52.21720172183916,34987.607851934226,1.0
9.909798849006396,25.794642948933827,997.4669033178204,57.87024978768963,61933.177610945524,1.0
4.419867930658551,23.405957119846878,784.8097952714954,36.00849103398688,23929.597867070053,1.0
4.03417181503144,22.52100551975938,736.0304953490312,51.33191931824191,17410.39216244153,1.0
7.87592312704897,21.687034360502388,830.351598449748,30.637138025284752,45550.38310381278,1.0
3.7376336324036696,18.23017705566662,632.9714196739953,59.61329215174593,10376.773179101743,1.0
9.342194593233865,20.59662461566613,1217.9077443389547,21.030783950574047,34340.658265708924,1.0
8.654921142508613,13.535215929023073,478.46779457638826,44.141152260044834,41955.139455181234,0.0
4.575443260062674,21.50830186602625,836.9481157791449,46.38023926605308,18183.71044585333,1.0
7.633275144019225,17.057044464245415,1204.7212438459278,47.521822282965154,39995.757629128326,1.0
7.668157303804482,16.482053413921143,801.3599689119995,24.81550315156356,39846.56041079142,0.9076758656967479
1.4796767539413598,22.899470755767393,761.992192999701,57.541191338925216,6728.18032448471,1.0
9.074252613455883,28.960011431722997,728.5109154379146,27.247331162003313,36607.36312000853,1.0
5.299897538254643,26.591583030011563,763.9216636475185,44.91013612959364,23951.440943890404,1.0
8.351345928023544,14.147496981884114,1074.569694935306,28.907043164923397,39032.45947531039,0.06809083072900746
3.5404712097908115,17.051859317148313,357.62761773409864,32.288656680850835,15777.472812418686,1.0
9.007470670713904,26.70385593994108,1106.6867402592652,41.858341669124975,40916.773660147606,1.0
4.19741594797455,17.087563032308452,515.208569509971,36.687736742583056,21411.874079048644,1.0
0.6029576890628344,20.876834250014877,746.6695341531171,26.409024039060252,1936.4796498504486,1.0
9.101128775983005,24.75026049512276,714.1511159402676,26.837456096833932,49456.099007085744,1.0
1.3672234294682688,17.158277725681824,917.7106539541439,36.72579152651198,7648.107400729137,1.0
3.533479557108941,22.5268775307298,480.3751296232505,50.29131913102003,11819.34528697782,1.0
9.525588686982648,15.329872525408977,892.4345332163886,55.91858587391154,36961.400865889475,0.5674351277502419
9.530767895906783,18.99316178024393,1204.8619246573705,23.365106490375315,67413.96142702286,1.0
5.947659937171218,23.598909670712686,527.3651990814379,35.724156302376045,23581.154026792276,1.0
6.502453515613093,14.035031332341653,837.9412335220791,24.009822548915064,37552.92595745886,0.0
4.760232458794038,24.202373689801995,667.6035644406782,20.663699225303915,25915.177953340644,1.0
3.285502331131613,21.901811005366593,885.1774412386071,46.468747305758264,12654.870242111187,1.0
3.6223131810142015,24.762449772085738,803.8295554831504,44.09797767866351,18603.924983808087,1.0
6.888925332731865,23.119570670323306,671.7026181911381,26.52076455259545,36314.68960021972,1.0
7.64755802965796,28.82070214986922,897.5744569742149,29.352513323722565,40637.453029497825,1.0
8.02000091539556,22.626122513239537,1160.8696219573485,20.948310145780734,33180.19532296333,1.0
8.001372356548263,19.852972294373735,761.8192416545403,53.39788822777615,25901.522909470033,1.0
1.3664579789625586,22.611487515161418,943.9515884296363,58.98762384194206,5660.545613590893,1.0
5.196992894674524,24.71649014518194,541.3454084257672,25.418381471787633,22797.01069586671,1.0
1.0468082201581206,22.24430035162852,608.7127246363982,29.259008550611924,4776.159488471823,1.0
5.720524382075488,22.202958456019413,894.4812555760755,54.73638095787736,24163.927703880756,1.0
4.694539763047081,18.490041560966223,1096.823205707193,57.058551918247396,15192.739870739075,1.0
8.933189736203849,18.68549541224526,871.122669757132,36.78509531227242,47048.820926565466,1.0
3.8336926192447476,14.986973641001534,737.3883938953692,22.024898890762966,14336.941111090597,0.28208067124151304
1.6121366560622556,30.747883715934698,799.8582810846708,21.575673347712776,8412.107469822402,1.0
1.8584209795019406,15.780683823043574,549.9184532060565,42.95799464276042,7415.111170754964,0.606123049107528
7.734351001315987,18.53547401102046,920.9030652710734,35.71580435572716,25960.21037749402,1.0
6.37307160150448,18.40796367215401,976.4666124646818,21.14609710310618,24051.334169691047,1.0
1.4606654231665073,26.474621884722207,709.5819334333839,43.33009569250227,6439.559547990141,1.0
1.2990146580924757,20.52525160853986,705.9915704480998,20.4521014635609,5350.769026322662,1.0
7.1592067488616395,28.238710363368668,853.1756459304097,51.494878325970916,27821.18273293119,1.0
1.1912485604598384,18.63254687878066,712.6560527918809,32.257312908134864,8033.9977994559895,1.0
8.307670563258384,23.39497081111901,786.7734770748355,21.610320120369284,40953.16173061225,1.0
7.209301157986714,17.823264733701215,1219.944357833303,43.53408883932613,45530.84186238837,1.0
1.2728134160980478,32.72574563886694,750.5948598508006,35.90737657732219,4406.283652596889,1.0
1.305958283809323,16.062007904852436,728.3319695957556,58.95201653428598,6160.372449038025,0.820158802422559
9.873075995761166,23.549103551135136,670.4916388729682,41.767946500148085,51696.494401512085,1.0
4.055572559683143,25.168884404660492,948.8383942999874,31.009567241480333,19125.119790242956,1.0
4.021100397135464,24.068995487257492,763.7551653563794,48.37755458535899,20085.163227726804,1.0
8.221595888946275,21.073561705611457,670.1253923357148,30.859680101708452,34962.62111257346,1.0
9.498861485146657,21.35089650133287,1064.2608064546025,56.1697316563026,37621.74787607986,1.0
9.867010106317274,22.219057359895547,1083.9206009027275,34.98887882029506,35342.3954497388,1.0
7.657092759959945,21.264989991857558,679.915286852259,41.99474251104821,26928.586189646307,1.0
4.074466062543699,26.819395583974547,426.6920097278768,22.022924152969154,12041.244285035325,1.0
1.2932568086373533,33.05261500795676,1001.5027379673844,37.04484951808923,3957.9779034109815,1.0
7.882895701310649,19.212541074960832,663.0740348479992,53.2945415864398,42805.7849371361,1.0
5.804840372490148,15.150985102104611,958.1251198325538,52.22595221453368,21604.4915541173,0.5045094334352117
4.530109087846275,21.558589758243727,405.9792364576329,28.97274235414105,22463.320972418067,1.0
9.110366658399991,34.898546688271594,978.5194676598619,29.043162840422507,51477.20261903212,1.0
1.5563760819084378,17.981627160151348,557.7656141438438,52.69221248852947,7301.41624039752,1.0
5.179938490763162,30.195584027220338,946.1528238133048,57.21593680677302,19349.631266270957,1.0
0.6078596252904811,30.388504070382204,802.8546135672868,23.814436850920142,3442.387130192675,1.0
4.9522760989442,19.232058791460027,609.212116120671,38.00234557704901,21276.839159814754,1.0
1.034881118977455,24.844915395926378,718.5927374146439,33.49817115856916,5841.873531627145,1.0
1.6287702045466832,30.141983115642688,937.2636913913402,54.827538218297576,7621.643519893255,1.0
1.6164993443824964,20.104361295062564,821.1788906230469,23.34099658720075,10142.8998603374,1.0
6.667497870102604,20.982098199488192,916.8825960944969,28.445037702321496,33425.82902020997,1.0
7.587426353021521,19.09159543025678,1195.288116903097,50.09873350345977,24701.875177630773,1.0
6.0420032684230165,16.926216346535668,487.1516776577897,22.05175395924862,30157.90749838096,0.98278730378935
9.640639210508148,18.753612274669965,1123.4425149937247,39.70141522857157,29453.63775347028,1.0
4.061270505475189,15.880298666188718,820.8711875046425,37.684281387188804,21363.453338370633,0.7114336668884464
3.214264819677677,22.17041734129613,620.2431903353744,33.37604715954995,12252.06575295897,1.0
8.751691717799872,18.15013384470679,533.9372748522021,35.78289261275695,32583.7171772512,1.0
2.6241604659348,23.16892955895374,762.1759218445933,41.19762347720932,13141.752542141203,1.0
9.650614124685807,14.220521768981865,984.3300223848919,26.454694335535326,46595.188480576864,0.06287179731481934
0.6154675095532552,23.654401161072286,774.4901759244932,42.87983513134371,2749.628935088227,1.0
9.71384885372257,26.167644808044624,1102.2309860494695,52.21729317199945,42329.980427774324,1.0
0.9100191635304731,12.031321787142723,509.7648619896882,50.40643719160636,5653.556859406798,0.0
8.965859580131676,23.87028284923786,797.5822104307891,26.155996187750947,37956.66234737997,1.0
5.513160536319849,28.13834496236646,549.5213111173762,25.969978789658956,24187.345745866656,1.0
9.933165563133354,15.951794906543974,872.7263765249936,30.726974709796533,30709.016296298963,0.7347167997044772
1.2010673649862893,30.362861934188516,977.3774780194601,34.44298905364149,6042.463333410684,1.0
5.761615701812548,24.095095046830227,715.8476412637893,36.338223256339305,33465.397350239604,1.0
9.70837408838144,18.474940721207957,279.15722867457316,47.18788867333381,25385.810132707633,1.0
5.469429519616414,21.72115461171147,839.7896293592989,22.267217286633418,29451.94682815049,1.0
6.479287062284994,24.79163456260861,887.3477103467019,21.386908169042655,23857.85304318755,1.0
7.109612545353863,22.380026957062057,880.8589509923395,35.676422517756365,36941.79219146706,1.0
4.818140115293845,24.693779962231847,1047.1564383644309,47.88654768551922,24814.76349902742,1.0
6.461801760798602,17.39663203460317,585.7892640701903,27.737413718259305,39131.118672250304,1.0
6.0509859632694525,22.84680412018039,936.0432210900899,45.66017925025007,23611.019867132673,1.0
9.061001099664395,14.9314275154751,1038.501502495595,30.393125517611978,36064.176954769166,0.3753008334915545
0.9317406132438497,21.4438696932565,444.28248319869664,55.44344435254065,2949.262760231983,1.0
3.169150301126188,17.480461792676053,863.9303651837954,55.82759777066466,12391.601496776851,1.0
9.528909098727308,18.322350287051165,699.1640337984657,31.89148817125306,42466.51878381936,1.0
8.957505946963705,28.18046587605219,783.6954653796708,29.19975015852962,45802.82763660666,1.0
4.828739151464273,27.456550602971344,869.5352967076673,36.45215888264925,22488.508008979617,1.0
6.391259679114599,25.045690604535885,702.5542871772896,29.621263407205948,23804.97560103388,1.0
3.1351212383207603,16.538436176637106,664.8583841676776,46.895353731668145,18230.43067905408,0.9555180471001501
2.2871510173757326,20.41795775152599,806.830483497605,53.04258738193142,9809.198713482861,1.0
4.905134846929831,28.065488499895917,582.5508122274395,46.92368523644868,28945.425083054204,1.0
3.856846166247502,22.708584568199523,582.834974222963,52.97401788997398,17610.801049097976,1.0
6.044733062583285,33.59664769990847,935.8746565913007,35.879686488298965,23164.662715564333,1.0
1.238479051167356,23.96658919697186,570.2411929682688,26.252678828354433,3707.4685859367446,1.0
9.756750672828582,22.960245582450156,933.2625001818424,49.51803789590369,66068.14136709318,1.0
9.869002072556228,20.454417678987493,892.5182585707903,34.41898020566215,37713.79538158511,1.0
7.132536283187579,22.66770452391141,454.83865424188065,46.8508330091653,24406.95201253242,1.0
5.592915480269144,21.23765081809728,664.487069532869,30.825757679270627,26311.713125716942,1.0
3.4405123547201137,25.54054338344295,1038.8218806094744,23.249185392266906,15165.425100733115,1.0
8.231052687216012,26.78351158397292,603.7668937720637,59.70327181951053,35513.87960555627,1.0
7.004946139261853,18.070052697460252,707.1191475381224,26.24806031722397,21224.32926342195,1.0
2.044860923776467,15.34383523221111,892.4121786503792,59.536839758539244,8829.946417194991,0.5838682657551753
9.153808252691503,12.818973134483517,956.6781018565191,59.09119730265789,41384.416784136054,0.0
8.314103807770106,24.539956634562717,749.6922227911009,51.752724156321584,53886.94247640802,1.0
9.523099176273279,16.483166969130632,680.4979610616717,46.3769184832799,54262.23953922781,0.9365469314205941
7.39433532968942,11.235547035237586,1084.4739723397015,43.11228201004339,48508.756071029566,0.0
6.327444361390004,23.942893022654822,1147.7799327595158,54.64406181511339,30599.586127679206,1.0
4.473308844760879,34.46499758716395,995.7716101563591,31.577580864779517,22376.140184174725,1.0
9.360920591863126,21.969645442300532,817.0636285130048,38.70724849939508,35592.468295569226,1.0
8.727606950253879,26.19245387225821,638.3468556718148,44.775598774660075,41569.2878989189,1.0
0.9295773660087994,22.409146792737825,633.9111186886869,36.44761903477964,4177.776363391792,1.0
0.750486257723894,21.505551734044285,904.5028210531515,37.09945816361072,4188.591150773611,1.0
4.076401985341471,26.595382414938843,883.6796441777367,33.21138670008338,18633.370630318565,1.0
8.200256642427412,20.548627279056742,1080.319718589286,42.56927266738144,39997.757966108846,1.0
9.879123228491972,23.336961570359513,930.0900185072278,54.02298112060464,36298.10795193778,1.0
1.9289604654835177,23.608489030980067,499.3839396480364,28.061135120252516,7720.077411883469,1.0
6.144241795845284,18.659547731784755,1010.3895235445837,57.37732155013766,20817.20323413843,1.0
4.118463137994704,26.960211747682614,600.3878745371175,47.56350614992918,22027.01989316227,1.0
9.71418677923873,21.125201216522957,723.2057456095297,52.93092850720121,30878.996446926056,1.0
8.500129769789233,18.221274202535778,850.0400412503388,42.247627705200465,27639.825085823235,1.0
8.46412269475581,24.682549217852017,1199.1334979567928,51.18066805696254,30311.762061687867,1.0
4.9525850180522175,17.507660091044812,1421.9837112010723,20.648015893578687,21879.071614789176,1.0
4.440785272207819,22.140905786845643,921.3446118272366,52.73521699118141,20438.823421822635,1.0
3.097367183341709,21.95440501677898,763.3606762559224,21.60555436341466,12580.049761969065,1.0
1.0355672181838076,27.42947782915789,906.90112969611,55.5965350545145,4651.0743487388945,1.0
8.714862574423005,24.373491164399763,977.5310851747672,59.67850988954573,31632.578400668575,1.0
8.222559586735738,21.87486520627428,735.8664748885617,31.762698487071113,42780.76496158738,1.0
9.99731789621824,26.088831496001436,1159.0422711824644,28.412742251431744,55511.47430371925,1.0
9.9680499522021,28.951037745086566,846.0141518382804,50.61453455432163,47822.790071770425,1.0
5.776601203224961,24.789051531759313,899.5486178182789,30.121053636810128,25148.044924603713,1.0
7.805380444214849,22.051763099216902,933.1848504108923,54.62249532688814,38657.19905090825,1.0
9.475274433883067,15.440818838249202,884.3173221228911,24.11370368629907,26070.14379074598,0.5139638429954453
8.57165021143541,16.674431684623137,967.7881000939225,25.03820785517433,38939.37201234835,1.0
2.8498069665603776,20.47387647822666,676.5493626906153,59.16606220402463,10483.919650825406,1.0
4.780169285445888,18.952438989203586,688.3396492107939,46.953555930800185,26114.11651904164,1.0
1.7270144439392023,21.06514348507277,579.969153405661,53.87548897715811,5938.104475389519,1.0
9.563484758957863,22.283249624485535,887.9002461240452,32.97317509406072,48235.84317633525,1.0
6.25865902728336,24.648463771783653,955.7873007024228,47.05934998082418,33198.961571108164,1.0
2.672106652282896,21.647506109704544,891.5545732303772,43.769673092343886,10390.23870308239,1.0
6.881156501855639,24.43250821913101,1134.8984866695075,44.12600480491788,22880.14974257489,1.0
6.37221828435001,22.3223720740506,798.8807962341907,47.301298381508865,41713.81095629673,1.0
3.9025458213119846,12.122667168230643,933.7483311185025,43.01436692516394,17104.72778382648,0.0
1.5787971258964757,17.303323030906228,581.6598247721372,37.16249477210664,8678.40098221299,1.0
6.879945358131597,21.279562221391924,722.5800595051198,31.036907775221874,28822.951714891522,1.0
5.442923158586036,15.951526285794461,939.1075515131555,50.743253236528076,28253.87445879015,0.8145725394813154
7.837024721488573,24.999643649981024,969.8204221486288,29.050897200127448,34626.482233876224,1.0
5.441553260563937,29.65375416171849,741.2066104671635,47.694172246176564,18578.023282875984,1.0
8.59572425302613,28.093809258486584,785.6801496283866,29.333312905973067,32558.681757873775,1.0
5.743114968357613,20.93278564534896,496.42525066383814,45.01320679817816,33074.82755411482,1.0
5.82891072958617,29.45363068424976,728.5941598386781,49.883130685161156,20593.703898202566,1.0
8.828209225254279,22.743337286010558,978.0766327039572,28.748555556261568,30228.47542240844,1.0
4.333087229017772,20.314570144409803,915.0410032213133,22.397732034452332,20029.416571100108,1.0
1.773144670281087,18.9329866822953,900.133144276242,25.238949719766964,8194.478779713136,1.0
0.7734354249767202,20.487651567559357,809.954737436192,44.23987869084102,2428.7415841463576,1.0
7.673803928899381,20.059115907293858,801.4126317256353,53.97785624902942,40280.84823368563,1.0
6.392940737857915,22.85208111187744,667.9357721053105,21.799872849416975,16761.581449455807,1.0
7.188757796942624,22.802869905249324,939.7656840405069,49.36605036166585,25782.569209275098,1.0
2.523159534334652,22.015230100767074,884.194588877878,33.65274583800208,8863.111725287135,1.0
1.7955290180743129,24.184690848731748,898.4037695985598,39.141134796780904,9425.64250397265,1.0
0.6381743238448783,27.953231373931708,694.793031466484,57.154381993822625,2256.6905049006773,1.0
3.8305818086626715,26.747770677206617,369.33141602575114,33.278860189433814,12014.394024549762,1.0
6.104218025119014,14.575510157750482,1019.4305423507392,38.61347735757944,29570.544743717765,0.251873657878153
4.226318428447457,9.230394325490225,704.2325087983191,20.547296590427244,25677.415197239723,0.0
4.656011759225426,26.67159955619637,627.4448471913759,23.263948800193536,15164.568965599341,1.0
9.08950759769061,15.165606507922895,938.6957823827987,30.34366364539136,41044.70201197883,0.43888232882017175
3.8084269367213532,20.87617299053658,721.597472016174,21.114089632842976,11637.09213430862,1.0
5.382900147018202,16.149434869703203,1011.9872768093244,45.25501304193004,23594.569142216344,0.8991351700498686
7.944703621040859,12.9900978120999,923.4011899153395,37.0559342720649,34863.00552950645,0.0
4.267156432052067,24.70731364102394,936.7138646400955,41.92580810912088,23625.40779967544,1.0
6.409823652164798,25.795775801513233,526.8088577598932,26.985887435853183,28286.69225231388,1.0
8.69245523309408,19.1174479963664,1042.38879707728,31.837281177464646,31767.807530039885,1.0
9.5204459247476,9.044788539275451,852.2501062467712,46.552978994109004,27388.393806135624,0.0
1.8971980688258605,19.268777758737585,726.1445721507594,58.612108945215994,7479.236581969408,1.0
9.302582439034197,23.959020027012734,828.6776934684502,22.016670944088368,32017.6655375161,1.0
5.175104784255613,14.605442156129357,444.752953420336,55.615372834210646,28085.768920315088,0.14244886698047532
2.9533216888401044,22.91679959889578,881.7305622961342,43.07524805244834,19604.21952002194,1.0
4.861789684263482,21.923450754135022,594.1256983635857,42.55678267022495,31004.039117507404,1.0
9.810309465212033,24.896457498005443,529.4659428312931,40.011141408310415,60212.81340340203,1.0
5.179871892932261,22.597901842070765,495.52816275642175,22.775763436167335,25688.770300728287,1.0
3.623140297731328,17.13465529559222,1022.537674997985,23.595074069446426,15918.969518099335,1.0
6.517308116008895,27.982857508322457,674.1473212614422,44.036480226363445,24636.49053015864,1.0
2.7813833783928343,21.20735213486515,1106.7455419833,33.63834285742233,15049.899016075387,1.0
1.2207016170323073,21.86347730245034,692.8397073895404,56.69072266310722,5303.2757363235705,1.0
1.7243573581511678,17.333660204634022,458.5284084814107,36.26362149437889,8052.280896574057,1.0
1.7164354700988382,19.783588744042447,576.6951120102682,25.731258348105644,8762.820487872195,1.0
1.9430755883667963,17.575986429865495,1047.1623240013878,48.58875334008144,6703.056329764463,1.0
1.8188581401693962,21.135269700382885,768.8203644126665,31.734136857640394,7103.272411038913,1.0
6.588310075630539,30.558542400711715,690.3425407018798,41.01881229423573,39216.03987970656,1.0
2.2278608017918757,15.140494285343218,832.0036451705575,47.9133114202068,6596.488408710821,0.4495387419490747
3.7838391915767007,13.932193010616295,900.356547233509,56.01056444808282,16466.695599806553,0.011015861760819146
9.019489894107112,29.355851637468042,1023.4797631804922,51.68764779206704,46895.03911761383,1.0
5.0026355824972875,20.95338161424067,1089.6998459785852,47.054442714908966,26873.188873590992,1.0
6.841798515949758,18.654636306700418,728.0462708421828,47.18532729580574,30805.99613733713,1.0
2.1370387764154835,27.19952343698038,534.7904627835924,57.83698576128346,9176.24014859779,1.0
2.3267456786823724,18.97192230131568,717.3069677753448,31.83296389986144,10809.793597014801,1.0
0.8882518545315492,31.130048567734683,852.0561013165773,20.044483767847495,4895.258059101357,1.0
2.104883099185563,25.389629356696346,607.2482147578778,30.87818237592795,8853.005561631573,1.0
3.146608220803607,19.560442959271487,608.5698170209914,28.71565518506976,11316.29605169758,1.0
2.1815996006290947,32.786541066327516,868.7575763099771,46.473383404559925,6137.172391662306,1.0
1.3426740706920284,18.97142538498331,790.2695296859098,45.34846399062116,3530.33054242589,1.0
1.6460407754557078,25.710476860046533,806.5593990823173,43.73845530818895,11033.608321325843,1.0
4.877398296310895,23.49646290203246,648.3009330599862,20.64973772837815,20381.697159188105,1.0
2.460170324855029,28.50870644699399,753.9198571588465,49.1511221780259,12293.532383649923,1.0
3.9605636799567168,29.807555983634263,615.1533711463392,32.94121649941966,9980.298122861168,1.0
5.28246407312114,22.160020745328833,978.0396822249573,46.60223956026525,23477.639705265578,1.0
7.058750871978971,18.232910648269083,1007.0498669447505,42.26313714008613,44554.85229878763,1.0
0.8734653284904399,24.299860714695583,430.7624275523812,33.70923701711629,4247.272117537958,1.0
8.094398789635905,18.61142315123947,614.097827961518,25.38305068416431,26943.136670006323,1.0
6.465053700163624,32.066936237633115,500.6941489819842,23.77675590641924,32410.552760256785,1.0
1.2767108035142831,22.682676655413687,669.9952131186203,53.26073332448894,7872.017148907986,1.0
8.798996929014384,20.173392243439455,783.3124060419278,56.73590168326232,36304.54057978324,1.0
9.248287805052225,22.923401529324543,510.07095606029395,45.99152187057199,52517.64560293512,1.0
1.0802406186212057,15.264368552351517,615.6280373749373,24.137364594419335,5445.825928712138,0.3628479259363459
3.130337657398435,17.141929807446743,599.2085255837003,36.08108867552963,22102.407171141083,1.0
8.158912158034083,28.00206953972213,841.4534658797888,49.15756800420629,31395.666301128196,1.0
7.608467058644754,18.71552860514302,813.86886740725,51.192835360402725,27586.327230962557,1.0
2.2529496838855847,16.7654450865903,655.6524893325493,24.728744891643544,8750.385530469148,0.9770600161108158
2.488818571698748,24.68326376263643,835.3641744278796,20.001228753815298,9481.721460940635,1.0
4.019484976518129,27.928520773314986,690.6639830825469,48.4854818352242,21504.39112724174,1.0
5.102968359314703,25.594766553325336,745.6689779347894,34.26384703944822,26817.83776254533,1.0
6.373420329537812,26.980238429029082,1134.6904180597073,30.17925326473041,34333.4710671428,1.0
4.004679575912838,18.216024557152696,1068.0922103580697,20.515898791581016,20495.29473243722,1.0
4.894079803264905,14.89094666629078,540.0837526144805,41.61197627045999,18789.15357663015,0.24323972111203626
7.600973912270687,29.506668259777435,965.9464835758349,54.04602941703927,36655.525983649364,1.0
0.84849042746068,20.38660080578932,962.2793108983184,58.30526585090352,3593.414001692499,1.0
2.898150971268197,20.745834917724764,570.3473422494764,42.62979802453157,10174.340304200972,1.0
7.276821065903248,28.640970709245288,963.7555287509722,40.57845310959577,28954.49335489163,1.0
9.004464958028393,24.7811500470033,1107.5863836825106,23.402255419569645,27175.298361507328,1.0
5.360935700098828,24.27943886040804,575.4910387511172,41.95491206170399,22891.55784557161,1.0
5.5550781100204984,32.825011724505416,616.4994357971473,35.19916315861579,21355.31032054834,1.0
1.5181341077278725,18.782408848099287,1003.5322933687005,44.285411235343076,5776.438524578879,1.0
4.750417484822819,26.639200640406187,854.2990621651296,35.54905391506187,29663.425128584553,1.0
5.55986403132272,22.285065624485423,910.2952550479047,29.61196493801467,18686.504085080644,1.0
2.803469784529932,23.342961394316283,868.1178432800994,23.79861100913506,9372.184096941457,1.0
3.057810694019119,29.64234213206266,878.1391841856289,32.59673778355583,12805.179875930202,1.0
4.084199549493915,24.53917878144812,534.7055743377834,23.86579337151009,23265.60465806965,1.0
0.6906763788884005,24.691480395248163,1009.4635413242896,27.07587803295936,2956.2836792064486,1.0
3.559752073040194,27.36253668654901,1033.9179984855548,59.49344634318184,16320.131350023024,1.0
2.508756066467174,20.175236352285573,754.1218511863945,37.76414227626475,7743.258137433227,1.0
3.611224845690189,17.803951663304968,791.3046100372275,41.27487066020066,10633.174464418364,1.0
1.6377402522828866,16.775954029894834,493.7784994888556,54.944741149488614,5608.517593303725,1.0
8.960009167029002,12.16821705311999,902.850951203567,59.82275601962751,58804.05356502177,0.0
6.139128308763462,32.28103564970161,914.4114883428288,43.308577973787266,35260.47667907507,1.0
6.951472031872651,16.483958171391585,787.5617966001378,52.498952841766865,23564.93738718473,0.9873486660619758
7.997126766769714,20.89373188207114,1024.8706719741006,33.07764097346701,36693.731459698116,1.0
5.235200889826044,20.615933500555396,733.1845538040119,32.22975829789164,27839.515043158906,1.0
1.325742736830525,23.537033489045506,912.9211851787201,36.10814883978241,5417.648793117124,1.0
5.602512147276204,26.078686062696484,596.067132261577,46.900290506945964,25832.27641911819,1.0
6.074990621198352,26.302367441798726,795.2895698251524,47.28766757020395,25366.389930413792,1.0
7.581675004751135,19.08461280715531,765.1291484194328,32.60957738597803,38586.20067610282,1.0
4.600765689181954,21.164391431067944,845.0615844081883,25.328396965465146,21679.024204189733,1.0
1.7120128765578557,23.412899752441497,726.0946142333282,45.29585025862034,9531.796176659438,1.0
3.1958711050878823,20.756544369082263,773.7054808656665,25.13303448755058,18145.30823230949,1.0
3.9492818157870335,30.036727880099964,965.2094342883013,43.1397003291732,16176.836034171281,1.0
6.636213792650212,24.454874758191256,712.6471525523565,47.73688512225236,33816.73183848952,1.0
5.922393894354663,25.674388930249087,478.68457985226416,48.02445985577806,25505.962121830282,1.0
3.8829188960295395,25.314406343337062,1149.9167808410841,50.13888442638387,16652.531575119407,1.0
9.871894863533306,27.867369287426627,1076.2908157380973,54.91437686262658,53082.73514674334,1.0
6.254860783890428,22.905107793518535,541.5474609788762,39.99835967859154,35496.32303429655,1.0
2.7536545214919474,15.515840260220767,937.9415610490389,49.20996758118285,19755.04111725715,0.6353484751465669
1.4669334898938355,23.998439758763208,699.4050458897314,44.76690941463347,6460.653081068783,1.0
1.9521618222511543,18.743215531040853,852.6974430662119,27.465597591907304,9806.841583684143,1.0
2.836598419652827,19.356916591251217,858.8448258026988,21.02758579477633,17197.15537766571,1.0
2.026473045965779,24.931820093775467,753.1184399367356,31.38165542707735,6715.057545941372,1.0
2.2723867284874046,28.19141535716818,643.2468668827207,37.72134825350477,9928.913405281508,1.0
3.2084041025915475,22.106357883680307,661.8917895367481,44.68423777714625,10257.461707229917,1.0
2.147049155300171,23.544165062994818,616.7616169037515,53.998373220128215,8259.249996774619,1.0
9.01927153395104,30.51107472317619,633.635558353911,27.849828668246627,49293.068350082845,1.0
1.2622205837856009,23.203765897442842,786.5643419901289,25.021991595939085,6735.748174781908,1.0
5.48285820091742,35.008415570901974,656.8480021778496,58.5391978989731,31279.48291113477,1.0
4.398769856401785,24.82754822815772,936.410413142524,24.321782375056284,20672.95596175405,1.0
9.83259686063176,13.196186204220911,1097.4492310671853,39.13964280428757,40534.894433499285,0.0
1.5643695705964973,25.766708105522664,683.9893517259914,43.42254915173207,9404.903884103915,1.0
4.279628190934545,23.90579192441389,847.8809001070754,41.65497683629753,18073.956295656342,1.0
9.709969116116005,28.448763770413727,899.9370220605867,23.44128628131773,58429.775329876764,1.0
8.722317695992812,25.36590675634979,894.4004541838549,22.281076560144776,31979.108484056756,1.0
8.262184674018158,21.307720080081133,815.1910535832175,24.21933709844143,49925.8422267098,1.0
2.9500768569269282,15.878508818553172,948.5364836719444,43.4235073549045,10493.759156159264,0.7662349945875656
2.1234320802056255,20.954883713569874,896.4497905361314,41.773795505372846,7420.599253068928,1.0
6.852110589282095,17.7473977289535,552.4675155345404,29.34963168146977,32052.048783264087,1.0
9.329071896712065,19.097382750976386,973.8312128778546,45.51096567382366,41774.32022767245,1.0
5.789247483632333,24.94289202210305,977.4581674533484,52.802700082225975,27985.349853714397,1.0
5.930320549964049,30.34952252175703,647.3427791642837,21.66315839386375,25344.370417057376,1.0
3.1598013897726998,23.973357649114906,807.5875670895205,39.92519774192169,15816.50539608196,1.0
7.810182865323401,16.020584689824076,936.6657985622139,47.57241648410761,27902.127103738578,0.8319508649506175
2.276915611296472,24.223013341100703,758.1372360841277,30.092477082787482,7986.981901696192,1.0
3.574952745840315,27.983157433228257,1014.5956095532024,32.31083621172596,13474.176008546367,1.0
4.541646166855959,18.95108547840309,1272.7744989238722,44.54551611957535,17393.51926600953,1.0
5.322298597502323,21.32991416663541,642.8027934730035,55.917411737749475,20036.539321928907,1.0
2.8028924579432624,22.073440973645987,523.791079369245,52.39697681211597,11158.656727871465,1.0
1.5909498350224336,18.075508434588798,860.7637191209751,43.32520876398334,6702.886685275747,1.0
6.30089040319551,25.241402169219295,944.3125010252287,49.20886871028997,23200.682381612492,1.0
3.24199025578243,21.395259256961094,753.8267252310462,34.59289880831194,15367.538398069673,1.0
6.021763103514816,24.097662219535138,1090.6521326642069,45.63862112395031,35025.62537772636,1.0
1.966445795104922,17.562539110989498,532.2788400553502,38.64726364510228,5993.498097738975,1.0
5.070830967620766,19.812708498382946,938.5837246063222,27.59744545830244,23772.700366970967,1.0
5.559599609240066,25.611906789138857,678.8278358482213,48.069530955090286,29458.251191807154,1.0
0.9923235998130556,20.135834239541165,1143.8755812414593,42.25858549395288,3568.123050634437,1.0
3.6977406428422457,30.634819256167027,1198.5030706336238,34.344863278143656,19249.660865786394,1.0
1.7769394309202553,20.001819071926988,646.6686824433305,56.45356760314523,7596.151967993435,1.0
1.1020622194912937,23.12342362875943,690.088572818284,20.83736471306933,4995.150633429103,1.0
9.90462220770448,26.662954159365448,971.9175773959604,32.63092604997984,33036.81474002487,1.0
3.5623615272598683,14.908171335334842,722.573870042097,22.275255911105862,18684.205932507477,0.24686646287988348
8.193807235619031,13.19595594009612,790.9177564135524,50.661092648865086,46874.33939606564,0.0
2.919086220255757,14.371718427149526,805.077684108482,48.084298164551704,8190.019971573681,0.13446357058601005
6.974275861127328,28.31292051713591,416.06536876046874,33.25408874945268,29016.781332357874,1.0
7.722164668952022,19.240709270537767,797.2324507811526,47.02651608828292,46234.48609128617,1.0
6.158568035774521,34.79099642834126,662.0544451871652,35.83748904783799,23442.410639034497,1.0
4.979973791226504,19.178762006713058,701.3754355200456,50.25015165689737,24584.771476314258,1.0
4.412488684399051,22.922756515985185,1088.7264006937628,38.167346509468246,31160.022448291485,1.0
3.814248532158455,29.710549762839378,548.6986211441488,36.49118911326662,19616.7735072756,1.0
9.330526870354346,32.03046444079561,962.6410373495954,57.389196619532036,46521.111498577375,1.0
8.390884373983427,32.30751788318199,744.2074139336382,30.03516399562801,45638.006327794734,1.0
9.66775565133187,28.041831152965713,744.0479663008331,24.817893599862618,50214.16665415823,1.0
1.680823623112675,27.120312629057313,958.0743792103423,43.38172453037833,6008.72768713374,1.0
7.44324101443462,24.962634746005914,868.0102589137781,58.77287249136715,30614.030822318833,1.0
9.41423433979986,25.89180538083319,914.1225994439062,35.11356854908747,33696.88903417721,1.0
2.2217141285737716,19.244071418357333,993.6369321065722,22.48147054515126,15342.177609635917,1.0
1.1317145399843862,17.909005582888465,733.7383233633354,33.5722106923827,5695.795556690983,1.0
7.540646168255561,21.98312771294524,677.5526530984499,40.23726617278234,23656.94391825364,1.0
5.957494575209163,21.149076887375358,582.9698946884404,26.47692026528855,36256.21683212154,1.0
8.497373379203584,19.733859753363625,634.917894004209,46.32408872225968,33508.830232320375,1.0
1.8278375779497502,25.481937237283578,1389.818885061745,59.90997556040802,5411.103018339801,1.0
8.055039462668958,26.776526042852552,1048.9359161473574,38.06957903925775,37704.02546718202,1.0
2.415459540453573,22.442034431459238,529.7851267583958,34.1891422692085,11325.783593603259,1.0
2.054731457224193,29.38765040527631,535.5084086512859,36.028166673378664,12155.503336665755,1.0
2.060525080344433,16.291554429332475,896.3732123436982,24.605847135808045,7627.401286186996,0.8593512768435236
8.238459842198129,21.03170270360141,909.4529594755934,55.33094405704895,45494.40326806075,1.0
6.819373596613901,18.415888396985977,909.7767670634729,36.59302622085408,33142.83034298193,1.0
5.469121535306634,12.6673169146347,749.0088412892604,35.49097645699365,17652.303361077833,0.0
3.9088895991732735,21.586596570786504,774.9091479994199,46.38761091721897,20741.55367094828,1.0
8.83340513772453,21.39126245808358,865.5759048318715,37.68133683724494,40269.33666007623,1.0
4.228228520515036,29.567248716210656,817.178601258666,45.92933875231384,14616.269780697761,1.0
8.257694674979982,25.154058422773886,356.13992545049297,22.4578516052315,36696.89372115982,1.0
4.671781631417075,16.879065878353977,754.0400738849612,52.5489337488891,24786.981612059768,1.0
4.080972079536622,31.27046283167094,629.7187131479373,57.6201581151761,20032.68993449894,1.0
4.895457963861261,28.105168477626766,835.0422837817024,45.95061544637544,17446.212122895413,1.0
3.36308980455935,24.91048851734308,1397.051800520682,58.18263715435243,9791.863934268182,1.0
7.602289111674386,20.86757950575084,873.4963330948609,26.05729257479853,29202.93225767521,1.0
5.275843705878552,17.202803816382602,737.2940627655204,39.09664757921415,29636.995690851058,1.0
2.7060206038947645,20.138966119644735,984.3603003954504,44.07226935781789,13945.880503998282,1.0
9.0459584461084,27.44374309852093,896.5375774418426,43.269465896847464,31347.70354325318,1.0
4.146966603045509,31.422931529673043,884.0188980903682,36.058471163561734,12212.542402706958,1.0
5.663752180582891,29.716217641360945,921.3701186431342,33.523376374650454,24494.455299856425,1.0
9.111485054163197,19.55575289106863,1211.3087129659084,25.072960902016753,45705.9059859961,1.0
6.430260961182925,16.401912833554945,573.8223129348169,35.669698022491126,24778.04359998707,0.8399209213698966
1.6105313867294586,22.70443123455602,894.7264153622909,26.506432604219405,9358.34336565151,1.0
9.428405174328013,13.157803172185742,614.7237740036924,49.374627059688734,41717.532962839934,0.0
6.463226504178469,23.615838570923906,911.1025292684496,28.3532374197836,24439.28923791233,1.0
3.681603339242318,21.261987068506656,616.2626977027811,22.342612211381354,19459.356756400986,1.0
1.823084690302179,19.66981749065879,716.5266372789831,42.09464551268937,7768.425522055783,1.0
8.043239298067812,14.026484663666022,740.9820171524187,43.80918930877606,41195.01645746505,0.0
6.390691181320879,24.568000532848583,995.1633438689419,54.87652245122022,38600.81328623449,1.0
5.567880373775054,19.336495801690443,983.6908887884828,43.079264496707275,17713.358171591437,1.0
8.991979538984097,16.15041582144856,550.8565247107231,33.81923414893783,30874.260531514217,0.726880988439455
7.991673506633042,7.638688933591753,810.9868221999698,52.12047526105282,44728.653681174634,0.0
1.940911357461136,21.862425474746818,658.0840290501654,41.61115572749684,7756.777472039982,1.0
3.4613596440577084,30.86125798334872,548.2990178649331,23.17121138524767,12855.69318224958,1.0
2.8606468282374244,30.30629607273935,756.596589915126,42.634022412529866,7508.4395837958045,1.0
7.567489779440431,19.714518717068643,738.3034423088361,56.320741816866494,23314.964092194194,1.0
0.8185581299899041,18.988939698191096,1285.3432972691044,35.85250501992882,4566.507086940462,1.0
5.913952006277507,24.34387128037512,886.5919650721393,31.853032075992004,21594.091159255357,1.0
7.7433575145365605,17.008072804058543,524.4764998491526,25.7387782807208,31734.66866733087,1.0
8.82927354923662,23.50895949909733,687.0451991658116,26.057820877414294,39733.370777374796,1.0
3.7497766128011207,25.830401391923452,1004.2766590858797,37.310859373672756,15145.53553441037,1.0
8.301944394384122,28.13466611942154,1217.6885545739851,43.82719296646118,26953.1444957278,1.0
1.5510015010744687,21.499229617600236,482.8033375524083,23.22461620678407,9156.621244887738,1.0
8.541296771477922,20.98163124911517,424.01512297219097,57.58274356100663,24838.23216114926,1.0
1.7111422921538328,17.610087066217194,1174.1930350743564,50.20534469780784,9865.74244229357,1.0
4.274229260323489,17.8655982298007,877.9228354741808,43.464956731346504,24577.027447469907,1.0
8.074305974905759,20.867605540492367,626.3414536247267,53.13754683755963,34276.19815290916,1.0
1.924215559813351,23.83682753408089,906.9258172244871,23.20747027248453,8676.770129873868,1.0
2.677888254710094,26.567923131166246,272.8504521966245,39.07355510932497,12751.487830725151,1.0
7.36139939973413,17.984105246598276,800.6751013194322,45.20372507446653,31678.416840506696,1.0
7.340347097187706,29.46344284479761,865.564234568617,53.14611624473157,51022.07905785128,1.0
6.590902512410325,20.644381994787157,984.854027907566,51.338782401970704,34256.76607619524,1.0
7.0925102224374506,21.89316352825782,597.2208095414925,31.082769988535986,29895.467586776995,1.0
5.655882211802163,18.263941604260882,817.1374322806718,57.63520678236817,25953.713982488127,1.0
2.8920910596160514,9.878798698635292,614.9150747880825,24.973833657234813,15265.06969479378,0.0
3.784111938287235,26.42022698180525,851.0767511348635,55.005344744846084,22249.741564984186,1.0
2.225178309613544,25.684219485462165,620.9307355273952,58.837609984184745,10211.465427161442,1.0
9.13028033266947,20.593362214408934,718.3798321679559,27.086140928905024,51406.70029341758,1.0
6.042222050278144,22.33495358612436,600.8369210419542,48.88264256815141,22751.643239917394,1.0
4.308088459254579,24.579696088520496,930.2272483647314,21.611420751119937,22455.708708965398,1.0
4.889055134619261,14.187270715567287,971.6902233313331,36.2169130055662,17219.462801625767,0.07506609224301332
9.499191726312246,19.354736613268525,753.0758860085173,40.65133196790696,35681.010448009685,1.0
1.9568383296027618,25.971323398109135,807.6475989920057,43.225809036385364,7459.994187503767,1.0
6.069183404159574,15.728552884153753,510.2817170732912,57.43748992994238,23324.926717371032,0.6168181385733159
5.305942449402427,23.467789660833148,740.0646703986426,46.89002749176779,24141.095466612143,1.0
6.3088152366291546,15.217090976882975,789.9590765916511,39.251118048769484,41513.26343181112,0.44157746787699387
0.6720467462979849,24.332149912167633,1324.158618205995,52.38700145063557,2019.8527771312438,1.0
8.78517713496944,21.821792588512583,577.6065948451673,58.02131283817636,40976.70433266485,1.0
9.355123683594318,13.924340920472453,1092.8354477504874,20.882645947291635,28055.100526683113,0.0
5.868765244097485,27.823696772285857,999.3717546931616,59.30085089024155,18033.841001515495,1.0
7.118182826830476,18.327042116009753,856.1272808980273,23.445285562547213,31693.870885377888,1.0
9.26374412118431,17.948737814928094,1151.7240968390267,52.575471170750454,36631.34857438659,1.0
7.218767025977287,23.002845986154714,874.4210945213725,31.2133901020565,26130.481811884147,1.0
1.9491209076854827,27.743186747143575,877.8318391335857,25.28718631015487,6931.737108503826,1.0
5.974739421584725,16.920890905108017,789.3758693964909,37.5942255885534,20553.983744896363,1.0
6.263792940637131,22.30839924923986,1044.7137764837255,45.75826317790454,28900.8722553007,1.0
4.529241377372667,24.144082501652864,1019.2938467621767,35.238073800939,23243.07334331781,1.0
7.496220238434867,25.46552803631572,674.8645425007575,22.18261633130796,35629.898572836486,1.0
9.376486640305641,22.882207776386124,536.1505610802465,43.97844558634866,37080.46253347332,1.0
9.292900872614375,20.164860804583387,759.4038725208686,56.09613104442699,43862.11568384077,1.0
4.782974028339255,17.862048896756402,639.9922871204707,35.32861463789007,27999.775876857584,1.0
1.575761435487175,22.430719415231874,787.295085076929,28.65331110523308,4544.223882629185,1.0
9.855991390142178,16.639304940071966,1047.4876269368278,37.703093837312615,52464.05744406958,1.0
8.469531821236373,7.393247582526964,708.539668982642,21.934508441951234,51324.70633478806,0.0
1.684295471431035,24.182799020788337,791.435323737685,52.81950337921099,6088.074463216206,1.0
9.247997884865036,26.519674205430977,811.604546961679,53.05363243800747,25923.405019136208,1.0
8.764015439590219,10.185337822290808,969.6861764410569,43.52001853718514,49650.074812549035,0.0
5.428961542697685,16.95134647645031,350.62213320307893,34.124115557535575,25577.153330424346,0.988097577213655
6.117116639576828,25.095771305025988,678.6599410469406,51.99133457783134,16903.351460905655,1.0
4.290525686766237,32.2874773485585,842.2567384558945,42.187480991534684,18990.07389434439,1.0
1.0202355688092977,22.10396853837704,1040.0157912853722,53.03729234200065,4155.866806170813,1.0
3.6843737956360587,18.35998529385433,701.6195104987589,45.25835170332083,18634.661113192473,1.0
8.12710776168111,21.0855177944758,424.68945879162516,51.37621892851189,44606.311795961374,1.0
0.5440042185437272,28.874382095740923,923.9422891932272,43.942519728710394,3063.998127527108,1.0
3.6682421310658695,18.770179104377323,672.9275222348741,36.56564272862665,11552.352957740226,1.0
4.282602589113962,18.00403996674873,562.0666681819278,58.3178343970455,18915.616682891075,1.0
5.605258227910268,19.58628238908984,675.1309220573552,41.64455299515379,28438.33522586551,1.0
9.238628355921225,17.233356958706437,763.0949284688301,44.203580741621536,37646.20275652676,1.0
3.790286946476632,22.613351579973976,679.0510670923575,28.819505576589968,12169.095506322838,1.0
3.7960554180141632,30.123392292347802,358.8867885801862,45.02603157709106,24604.181270278412,1.0
7.50626185704261,23.615396365580146,979.4132393774264,42.864305979317756,40353.981409097476,1.0
4.796070438453168,20.738232489368563,1054.9750082557443,27.393535917880996,20458.51060064426,1.0
2.6337458179298285,20.54094365542228,930.3043982679012,22.38348389412575,12856.948117950318,1.0
4.798175403260587,14.184045956516716,572.4628659150367,44.174372788590844,19027.436498054878,0.0
1.8381416936080988,26.415548885735795,759.7016932104964,50.54769077401282,10540.674244221183,1.0
2.1756763718091214,21.61081401493599,798.6957369541084,40.93605483688033,11978.30059248089,1.0
5.234493841025057,21.09760043204687,919.7588779123821,29.07090501278583,26553.050762727424,1.0
4.479791770293206,37.965537839224304,933.6680977436162,46.660879067721396,25394.82141196815,1.0
9.191036060146951,23.49376454182843,653.1652402443009,23.20422906438409,39871.796809935426,1.0
3.942742041608015,18.24104474952408,816.399111282712,37.67334819207818,16317.264766390208,1.0
6.015589327641413,19.868212018972283,891.4560809230483,26.53467033593681,32324.363185577822,1.0
6.506510735235539,27.742228545983775,1091.1644644293533,27.378362042395334,20382.815497887867,1.0
0.6243973375891696,22.56635205268882,940.9013079649446,28.091757966328146,2548.0019591494197,1.0
6.803605034158751,14.808610108413166,957.8113374751038,35.468282281759116,28590.35520472689,0.3171922914530749
2.1913416852626386,26.59614467287602,816.7653255858722,22.046008224815907,9751.96449648581,1.0
9.630168015959823,18.65927957230503,1082.0918290407008,35.911737637163924,54072.41551297519,1.0
1.9122959136545732,31.366488881087726,881.9525591918995,40.46829788458803,8762.27698458685,1.0
4.4389291754067255,27.400240328573243,627.782417965286,39.331771398653004,22679.239746588144,1.0
1.3108218467471167,19.763390521706246,1080.6739940250382,35.31136401612162,5880.896194653892,1.0
9.970305392536499,28.405081808675565,939.5806545078055,53.5658643228301,35329.632554192714,1.0
5.270852598146805,22.339277552637018,711.3911957743036,25.813067696820163,33728.48988267913,1.0
6.156157664540416,26.263868375611096,704.1014065201514,40.22786975125496,22900.079407260237,1.0
1.137226535190061,24.423664086472375,859.3151090281524,22.481656678262173,4083.276768223684,1.0
7.624624468792189,17.768216725045633,892.636959053517,22.846227155116388,31217.48205575832,1.0
2.4941031344080646,18.78225083841269,839.4584531262412,42.95463398708385,12203.582672021867,1.0
9.03151574968678,27.149804087905807,862.261734688577,42.64073699551284,24406.196325969562,1.0
2.448826584579068,20.326123339467294,1139.991474915276,55.12134051377828,11589.884550830297,1.0
2.3115333463048326,19.981757683790015,1014.3086304469771,42.314947026402926,10914.579677647656,1.0
0.8472218445569013,17.224387103253235,838.1271182530048,58.391640816194005,3894.542419948694,1.0
4.9846359785449925,24.117995327967307,988.2621161534967,21.94779393599719,32231.514598470236,1.0
5.865990765994856,32.31262459621573,593.4952192944921,23.920307391229642,32647.942725410812,1.0
1.1242320745693475,16.662335428728635,879.5854099893618,21.762634462815257,6602.898034138274,0.9940976978767085
7.867512358602601,22.12109728336379,1161.861269946622,27.4110740133416,24053.83603619222,1.0
4.8062439301062625,29.061102777077146,756.3908209215252,41.65080443766712,22044.60392034869,1.0
5.48170755861201,21.601793043771423,630.4732142761831,45.82288725709712,31664.78912691467,1.0
4.687246095913167,24.26185898124867,669.5822222813879,21.823406317946752,26865.342092879768,1.0
4.307249078315596,16.688032359265602,582.0733925315224,57.83883559382397,19096.652443926352,1.0
5.81658314742807,24.141535486038244,643.0476183744593,53.68661506601524,26821.003081613977,1.0
1.974782336341769,21.064278674977256,725.8983802819942,31.864499286283724,6588.491508829584,1.0
2.228317239705076,26.928649978399314,518.8865961642716,23.08750120905872,10562.54214441682,1.0
8.686963399628414,27.936930257823754,803.1236667899207,26.79548292876229,35970.71147198051,1.0
9.48809689026951,34.94781821009307,980.4554347573294,25.077776550198905,48667.47395589945,1.0
4.046438504657653,24.898165866067878,618.4487639706159,24.931351171957875,16235.16333976562,1.0
3.072074394863761,23.628981582910832,1103.856784728354,40.742467546629356,19312.074207211193,1.0
6.617995660770649,22.97192150788668,902.1584177055189,29.833897699736013,42655.89990255618,1.0
4.382974625431916,20.23416853594656,1006.1161171248115,34.32558866116578,16383.187228103687,1.0
0.7411703787732762,23.692419217308455,668.4330892295726,59.580213335372896,2817.617370103069,1.0
1.9834496749788084,20.522992949304854,970.9050454133231,47.372569957013795,9521.02838151878,1.0
7.301736174050276,22.84230488134807,581.6132199209374,57.959226681880054,46609.07004423908,1.0
6.759777448146438,28.5879876780398,978.0495001673017,25.702262201324622,30512.78978508807,1.0
0.7574119287830932,16.967287173601793,834.3678679587063,35.28557899330277,2711.7258269607137,1.0
2.6087355383630197,27.699392805645225,910.6502439969568,42.189272131294175,11300.280137580216,1.0
2.6952105675866784,28.58557533669933,564.8810788750297,23.07032247554952,13009.709378119383,1.0
6.88298106418792,21.409657365044605,620.986031544679,20.167497745118315,22396.26145886295,1.0
0.6872501086664595,11.390725504957027,919.445643650677,46.8173733518767,3287.4295972562095,0.0
1.4890315288534515,18.960890064527838,610.3303991551599,45.672780672057414,4165.19606538733,1.0
8.099202811045298,28.484972732805545,892.6412584198246,36.43155239998447,24443.71717411041,1.0
2.1961742895161693,21.88565968850559,526.5724387079508,39.585763041281304,8458.892368801344,1.0
6.70108802459281,17.003488838525445,969.6348425333337,36.61772002368359,22782.27404970194,1.0
2.762736419943902,19.47612539385891,553.4953370462981,20.960201793795555,13109.725015032824,1.0
1.444693231213779,26.203100132522763,910.4599875359047,33.41486424869849,7271.615156544957,1.0
2.8101358144948136,24.7336678410069,925.1261867292002,27.083290215891594,10266.936897447513,1.0
7.361535852628762,20.80533950415153,660.645636314085,23.93696756405475,27047.848709692167,1.0
8.629116447009714,20.165877940926563,916.4053134169453,58.268817355573994,35313.847871912236,1.0
8.38708871338642,20.04120925478089,852.0884526667112,43.974389001686625,55609.7276895942,1.0
4.273243531375321,17.387949077507486,692.2316287614524,49.14625136946411,16609.229668315642,1.0
6.846808797421138,30.07687844734721,598.2890631847583,32.6145497306447,32915.845129116155,1.0
2.447350806450299,20.3883976539433,407.4748616654842,35.72588517976061,10940.871406304854,1.0
3.2849034374796258,28.085792604127484,869.9300094599387,29.47695975586894,16934.272428577668,1.0
9.015190275950637,29.606580259612258,487.039445727589,23.878626838616988,36011.45245040402,1.0
0.6235182733519924,26.9915544907398,819.0688398882617,27.16126549766335,3550.864890724057,1.0
1.3123310431174469,19.841898436409757,747.3103567835502,51.90056181185943,8504.164655387933,1.0
2.4749194238872594,24.018650451683047,935.8285550876391,47.10183220735104,10502.243696279951,1.0
0.7520559368012874,21.879021968045418,739.5909001020271,41.87715503941908,2627.67116061164,1.0
2.2236366333530744,17.48149069634936,734.1104427305818,39.00359491467072,10727.849381386,1.0
6.038894829212076,23.621796408608017,946.3741408576591,56.89737134624498,20788.016737961494,1.0
4.50353323062873,16.10480104420099,867.0116058168235,22.909397911146737,18393.756554388357,0.770752093158883
8.980381255231261,27.93839694230782,863.2311914365556,31.224032529516638,40948.171041878166,1.0
8.26571383651519,19.676913513508033,893.8535179617053,33.997514142828564,27698.748910764203,1.0
3.7472648411298217,23.005798279364196,492.8855753585788,51.29703248851151,20866.61653777334,1.0
2.9645226175972788,23.41643935773071,951.3577359973964,59.70058480647885,8576.065286133908,1.0
4.1070778775890355,20.705475131479613,922.4937588027204,29.626820590286123,24215.291960601222,1.0
6.107801953890673,24.933469007376374,596.6633742847006,54.972293365483225,29505.987237669946,1.0
3.0466045878173245,19.62548171688738,751.1839052651598,53.22491041727165,11795.768497930167,1.0
6.429414624566773,26.35648648728622,792.1385424744738,28.986295905670666,25408.64957448308,1.0
4.389410695816784,15.270101598766257,773.1006431196535,35.973303207968904,26791.17483221353,0.44789074206630536
5.744448218093813,22.63189789773206,866.771993313707,36.386914771700766,16236.107267712769,1.0
4.6432020267855085,31.694644995291423,1086.2733563662368,59.12882674106233,18980.133012795668,1.0
3.297424715648218,16.998343376972127,1016.3533455345657,27.235676055155935,12526.171649000442,1.0
9.510306416140489,18.611275147375743,537.5561613137188,51.96631884419128,50435.362086047084,1.0
7.754255044517728,24.569539248294575,924.4139980612098,33.36770856692439,41591.77037171268,1.0
1.8310751697812993,22.89790890969799,1065.786663907082,49.23481383104642,6465.802630174107,1.0
8.750445771030172,23.753150496367795,877.3617041378405,36.800440171826516,28791.526830423656,1.0
5.13059638337038,24.445935650738317,1018.1960850371934,43.1343905246616,17315.88710314124,1.0
8.998246155493868,25.17360734280885,1202.454089140153,53.304470933045245,37092.48654922404,1.0
8.098624931499494,27.548499209781117,1004.7419092213963,52.166622599355364,33705.14922316553,1.0
4.539528292457717,24.049093284642563,849.8617191283457,54.65692734158801,23391.159270592332,1.0
0.7134584290411152,20.793711726907286,1009.0176948169507,22.38469301378636,2803.541103863155,1.0
3.0524349141569878,25.362868506013655,828.9775666193782,47.682022121589796,13386.549662562411,1.0
5.645525039278236,31.499409674476077,804.7806086569911,25.599495068870514,24214.156724639382,1.0
6.518043088348399,21.33683126808713,729.7171528572535,36.63274272073644,37841.427311381114,1.0
2.9499330116154217,17.127353476646793,1112.6826717664217,41.943536602187535,16757.537915609584,1.0
1.8238827036918293,27.53540334643486,636.3142668115997,36.10957938987323,10694.725674984771,1.0
8.431837249593341,21.398094180232007,1106.473544935623,40.784467032120304,33147.07102481563,1.0
9.851820716683745,11.136652269929819,899.9728247480742,59.861052351944764,30754.134573661242,0.0
5.494056731875515,26.23710838575211,520.1387650396117,25.40869254851419,24054.21031509188,1.0
2.1309532155588835,19.323359070230385,873.5298585982844,47.018241813457024,7993.942254924535,1.0
3.086919601934005,21.547333588479198,379.9946984696752,35.84003865542461,12758.286216427834,1.0
0.674711427200934,23.659901652845072,925.1016033662072,25.32039195629315,3325.2550252544656,1.0
9.185838662324741,22.952498398895333,977.0462965977982,26.349470534972383,46198.5574890678,1.0
1.6186352874563408,25.5472590856952,681.5288088695893,57.97092424982468,8714.448186693895,1.0
5.976906517385409,19.822568147150783,824.7095391911165,55.184059868470484,27387.776170269804,1.0
3.103524596528457,24.565528990880413,1190.8314867500571,56.281678416600876,14444.386185755075,1.0
5.7646910239000375,20.702266612080415,698.8506591476126,59.66131103309546,23132.1706329546,1.0
6.68849368934271,25.694052404437514,588.2184825886799,28.332615600340716,19889.64738864163,1.0
8.382547135218417,25.076837420065267,1096.3326804925198,34.21757349456247,41676.4815478675,1.0
2.4610020817257308,17.322806489777022,1192.517438106159,46.76876119699467,6329.742369115593,1.0
0.6044603722555646,27.42991058087516,800.7391343695695,39.35210159442589,2499.0290838254464,1.0
1.800413485653669,19.32018277442976,1002.2926070816712,36.73558133513334,7041.210874467807,1.0
9.050177097556999,26.040288991405724,1068.2951831061762,34.312449973423725,48460.13309612848,1.0
8.801955736843896,23.836436567006704,651.5031534923232,43.75122527773809,47680.608701235455,1.0
6.175424470617929,31.190918383975614,702.9388329264264,43.02373714560328,21264.696755555287,1.0
6.204910174119707,20.88267008814074,1046.174902630947,26.458313362569605,37379.18485529901,1.0
6.817848408189427,20.253416019409013,1137.0028557417018,38.869593500737565,27021.755863901737,1.0
2.166027146922771,21.902901970561338,912.576172034871,42.138871048393995,9584.803578447565,1.0
9.186913486287118,20.484101085828623,624.0371292995892,42.81147754925562,47554.203308239674,1.0
4.478319986474695,25.99970950971025,1197.412222339888,28.40428771649407,21566.71162122811,1.0
4.139816018370226,13.91844695781706,693.805820437607,49.69085569009147,25219.599668107996,0.0
5.429718200186956,16.73158790426823,732.9724437657096,21.007963792842787,20905.961439412287,0.9755507862155338
0.9461766843630229,16.660985392104035,868.4675668979243,34.193274221726504,3894.2597484363187,1.0
2.079692003182754,26.75153795986788,1110.832084142955,51.208505941425344,9501.8541590769,1.0
7.511319356050519,30.553066862909624,970.7951953104448,42.55571684221609,42054.53103686715,1.0
1.2865873452887016,21.477753907312643,882.9731000723821,30.44649730043441,4577.618877145253,1.0
6.229945039930688,21.155891384049948,892.6577060236212,47.79812477372191,36647.816787149044,1.0
2.830816541972549,22.350260815565907,808.7029337286932,42.69563776624294,12290.603678492273,1.0
4.198308333398777,27.809391513040953,911.6279029037013,51.84974437825549,15254.87709532378,1.0
3.242590499321649,17.36323432904713,294.0879844611394,49.40100744759293,13607.84000457206,1.0
3.878890806417017,23.191844913673926,740.6785081860403,44.40431688144939,14276.692703285946,1.0
7.330936099250332,26.87598814891215,848.2643869833562,39.52710701243256,33527.63541534594,1.0
3.3226562984201626,24.505470849699226,569.7971832760986,25.327285026700935,20280.881320344495,1.0
5.8808440828205235,22.947908082993717,877.264663562312,30.45332071541535,24768.81069713994,1.0
5.022478820891447,27.005230462835705,759.1057558027757,36.76397891668341,25637.692938451506,1.0
6.8048760709451575,8.483838535003814,1151.095139663098,43.97197148025555,25727.98049584765,0.0
9.399882523585202,25.38937659765454,1114.6039450429712,40.5483142086122,27978.55084283224,1.0
7.459434923497378,18.72962158436288,706.8388861763674,31.52738103838118,26680.2471195271,1.0
2.541933596612189,12.846835515717716,769.832457686661,20.258574311588422,13283.314391109408,0.0
0.7962397830822043,24.556012997624904,785.2104868783215,39.849568876032556,3043.777178401663,1.0
2.9915084208483385,28.86829272581479,709.6681047680754,31.425039542489724,8271.179665720112,1.0
6.153240341652421,21.31275742686154,839.0049968056253,49.384332028421404,22215.783164091285,1.0
0.9885452281003784,26.764372736014693,648.3435862224819,20.95785061081934,3936.321638184477,1.0
5.215479348411745,30.061391289943227,573.8769330124948,43.393112452231634,20893.105287187558,1.0
6.170007064710448,28.57457226792024,924.5422447800537,57.65896950024262,28115.826447430692,1.0
3.6753169627611277,30.199822646856965,925.9059168443622,26.97637068445998,12704.924410621048,1.0
7.823665935585308,25.71063745535946,639.1368480680015,38.865979630023816,50504.88911532027,1.0
1.5126834047708322,22.377168194507963,979.0710861525199,23.656879672685527,8018.383176923452,1.0
1.2138089264901832,13.990170940514158,673.6844541669337,45.027276490454106,6774.646404303153,0.0
7.417793183934232,20.769687559350256,850.6330476075963,42.02126722384902,20599.465753243487,1.0
5.207167503958885,17.783767023419042,964.0688025224912,36.29462096851329,25231.376387943943,1.0
7.039822766063493,32.85471358748907,793.2774870592574,40.85508085894965,31283.253702988775,1.0
4.630859716735589,21.120570937838316,890.9481824282269,55.86298633876041,23883.822522235598,1.0
2.8408193157715145,22.61602403392243,696.7140712224857,27.85177209244268,9449.80828899657,1.0
8.281472017904896,24.75742688020234,760.7066833143806,20.90258046821389,41307.945792206876,1.0
8.094450850205302,22.218012231862268,758.828113823932,54.46659538796404,44819.20616518878,1.0
7.099616473117054,30.475255202153765,650.6843306919523,43.08468329551626,30479.62178827484,1.0
3.0853788036846455,18.88675319132774,764.6451673768436,55.6263382184737,14949.456167721475,1.0
6.107191335256328,22.973037276186215,490.27634022725067,43.877808936526904,22718.409630776503,1.0
3.9292520209302544,18.28764707150976,701.769250571579,52.4064435983881,20476.5715417758,1.0
1.3700296966030243,15.399887443896471,743.0249013260658,37.18693453420592,4122.298027297621,0.494423251559026
9.214478966891306,18.941154545473573,748.764049500924,49.99439725153075,43091.595519963914,1.0
1.7997769937301333,21.81481601475794,751.7005108258443,56.52165867559424,6766.888228306548,1.0
9.527254861297623,19.8534888774137,787.6471600279742,42.88491854888825,35920.14418209686,1.0
4.737054843100579,18.53789510063072,895.8883036172128,27.231406022495182,16302.415630565463,1.0
